"Intake Date","Found Location","Intake Condition","Animal ID","Animal Type","Sex","Spayed/Neutered?","Name","Days Old","Description"
7/1/12,"5201 WOODLAND OAKS AUSTIN, TX","NORMAL","A623219","DOG","MALE","YES","BEAR",274,"Blue Tiger Pit Bull"
7/1/12,"1801 FORT VIEW DR. AUSTIN, TX","NORMAL","A631013","DOG","MALE","YES","MILO",367,"Tan Germ Shepherd"
7/1/12,"1201 ELEANOR AUSTIN, TX","NORMAL","A631082","DOG","MALE","NO","MR DUGGINS",2192,"Brown Chow Chow"
7/1/12,"4434 FRONTIER TRL AUSTIN, TX","NORMAL","A631085","CAT","FEMALE","YES","VALERIE",5477,"Black Domestic SH"
7/1/12,"10528 CHANNEL ISLAND DR AUSTIN, TX","NORMAL","A631088","CAT","FEMALE","NO",,366,"Blue Manx"
7/1/12,"S 3RD ST AUSTIN, TX","NORMAL","A631089","CAT","MALE","YES","CHARLIE",182,"Blue Tabby Domestic MH"
7/1/12,"UNKNOWN AUSTIN, TX","NORMAL","A631095","CAT","MALE","NO",,122,"Blue Tabby Domestic SH"
7/1/12,"4509 E ST ELMO AUSTIN, TX","NORMAL","A631096","DOG","MALE","NO","ROSCOE",366,"Black Shih Tzu"
7/1/12,"5008 BLUESTAR DR AUSTIN, TX","NORMAL","A631098","CAT","FEMALE","NO",,366,"Org Tabby Domestic SH"
7/1/12,"5008 BLUESTAR DR AUSTIN, TX","NORMAL","A631100","KITTEN","MALE","NO","AGENT 86",83,"Org Tabby Domestic SH"
7/1/12,"GOODWIN AVENUE AUSTIN, TX","NORMAL","A631101","DOG","FEMALE","NO",,3653,"Br Brindle Greyhound"
7/1/12,"18701 BLAKE MANOR ROAD MANOR, TX","NORMAL","A631102","DOG","FEMALE","NO",,2922,"Tan Chihuahua Sh"
7/1/12,"5008 BLUESTAR DR AUSTIN, TX","NORMAL","A631104","CAT","UNKNOWN","UNKNOWN",,366,"Org Tabby Domestic SH"
7/1/12,"SLAUGHTER LANE AND BLUFF SPRINGS AUSTIN, TX","NORMAL","A631105","DOG","FEMALE","NO","AMORE",2557,"White Poodle Min"
7/1/12,"0 RIATA TRACE AUSTIN, TX","NORMAL","A631106","DOG","FEMALE","YES","BEBE",366,"Black Doberman Pinsch"
7/1/12,"BRODIE LANE AND ERNEST ROBLES WAY AUSTIN, TX","NORMAL","A631107","KITTEN","FEMALE","NO","PATTY",91,"Crm Tabby Domestic MH"
7/1/12,"ALGARITA AVE/IH 35 AUSTIN, TX","NORMAL","A631109","KITTEN","MALE","NO","WHIZ",76,"Flame Pt Siamese"
7/1/12,"ALGARITA AVE/IH 35 AUSTIN, TX","NORMAL","A631110","KITTEN","FEMALE","NO",,76,"Calico Domestic SH"
7/1/12,"LOGAN BERRY DR AND LUNAR TRAVIS, TX","NURSING","A631114","CAT","FEMALE","NO",,731,"White Domestic MH"
7/1/12,"LOGAN BERRY DR AND LUNAR TRAVIS, TX","NURSING","A631115","KITTEN","UNKNOWN","UNKNOWN",,12,"Black Domestic MH"
7/1/12,"8901 AMBERGLEN BLVD AUSTIN, TX","NORMAL","A631116","KITTEN","MALE","NO",,22,"Blue Snowshoe"
7/1/12,"8901 AMBERGLEN BLVD AUSTIN, TX","NORMAL","A631117","KITTEN","FEMALE","NO",,22,"Tortie Pt Snowshoe"
7/1/12,"8901 AMBERGLEN BLVD AUSTIN, TX","NORMAL","A631118","KITTEN","FEMALE","NO",,22,"Lynx Pt Snowshoe"
7/1/12,"8901 AMBERGLEN BLVD AUSTIN, TX","NORMAL","A631119","KITTEN","FEMALE","NO",,22,"Lynx Pt Snowshoe"
7/1/12,"9211 MACKENZIE RD TRAVIS, TX","SICK","A631120","DOG","MALE","NO",,243,"Red Germ Shepherd"
7/1/12,"2802 CORABELLA PL. PFLUGERVILLE, TX","NORMAL","A631121","DOG","MALE","NO",,2192,"White Germ Sh Point"
7/1/12,"1127 CHICON, 78702 AUSTIN, TX","NURSING","A631122","KITTEN","FEMALE","NO",,15,"Black Domestic SH"
7/1/12,"1127 CHICON, 78702 AUSTIN, TX","NURSING","A631123","KITTEN","FEMALE","NO",,15,"Brn Tabby Domestic SH"
7/1/12,"CENTURY PARK BLVD AND LOU JOHN ST AUSTIN, TX","NORMAL","A631125","DOG","FEMALE","NO",,2557,"Tan Chihuahua Sh"
7/1/12,"516 BLACKBERRY DR AUSTIN, TX","AGED","A631127","CAT","FEMALE","YES",,4383,"Org Tabby Domestic SH"
7/1/12,"7314 LOGANBERRY AUSTIN, TX","NORMAL","A631128","CAT","UNKNOWN","UNKNOWN",,366,"Org Tabby Domestic SH"
7/1/12,"STEINER AND JOHN SIMPSON PARK AUSTIN, TX","NORMAL","A631133","CAT","FEMALE","NO",,122,"Brn Tabby Domestic SH"
7/1/12,"STEINER AND JOHN SIMPSON PARK AUSTIN, TX","NORMAL","A631134","CAT","MALE","NO",,122,"Blue Tabby Domestic SH"
7/1/12,"LOGAN BERRY DR AND BLACK BERRY DR AUSTIN, TX","FERAL","A631146","CAT","FEMALE","NO",,366,"Org Tabby Domestic SH"
7/1/12,"AUSTIN, TX","NORMAL","A631147","DOG","MALE","NO","CHOWDER",547,"Brown Chihuahua Sh"
7/1/12,"LOGAN BERRY DR AND BLACK BERRY DR AUSTIN, TX","FERAL","A631148","KITTEN","FEMALE","NO","CHANTERELLE",61,"White Turkish Van"
7/1/12,"302 BRAMBLE AUSTIN, TX","NORMAL","A631149","DOG","MALE","NO","WHITT",2545,"White Pit Bull"
7/2/12,"7310 MANCHACA ROAD AUSTIN, TX","NORMAL","A448267","DOG","MALE","YES","GUS",3566,"Brown Pit Bull"
7/2/12,"6904 JUNO AUSTIN, TX","NORMAL","A501508","DOG","FEMALE","YES","SUPER SALLY",2318,"Brown Basset Hound"
7/2/12,"7201 LEVANDER LOOP AUSTIN, TX","NORMAL","A513419","DOG","MALE","YES","ALBERT",1524,"Tan Pit Bull"
7/2/12,"NUCKOLS CROSSING/ PLEASANT VALLEY AUSTIN, TX","NORMAL","A531131","DOG","FEMALE","YES","FLOWER",2388,"White Shih Tzu"
7/2/12,"6904 JUNO AUSTIN, TX","NORMAL","A563076","DOG","FEMALE","YES","MISTY",3485,"Tricolor Beagle"
7/2/12,"811 WEST SLAUGHTER LANE AUSTIN, TX","NORMAL","A621408","CAT","FEMALE","YES","SADIE",2310,"Blue Tabby Domestic SH"
7/2/12,"CAMERON AND 290 AUSTIN, TX","NORMAL","A628531","DOG","FEMALE","YES","LYRA",1130,"Red Siberian Husky"
7/2/12,"2600 E STASSNEY AUSTIN, TX","INJURED","A631150","DOG","FEMALE","NO",,3653,"Black Labrador Retr"
7/2/12,"4434 FRONTIER TRL AUSTIN, TX","NURSING","A631151","KITTEN","FEMALE","NO",,12,"Tortie Domestic SH"
7/2/12,"4434 FRONTIER TRL AUSTIN, TX","NURSING","A631152","KITTEN","FEMALE","NO",,12,"Calico Domestic SH"
7/2/12,"4434 FRONTIER TRL AUSTIN, TX","NURSING","A631153","KITTEN","FEMALE","NO",,12,"Tortie Domestic SH"
7/2/12,"4434 FRONTIER TRL AUSTIN, TX","NURSING","A631154","KITTEN","FEMALE","NO","F",12,"Black Domestic SH"
7/2/12,"4434 FRONTIER TRL AUSTIN, TX","NURSING","A631155","KITTEN","FEMALE","NO",,12,"Brn Tabby Domestic SH"
7/2/12,"4434 FRONTIER TRL AUSTIN, TX","NURSING","A631156","KITTEN","FEMALE","NO",,12,"Tortie Domestic SH"
7/2/12,"1189 GRAHAM AUSTIN, TX","NORMAL","A631171","DOG","FEMALE","NO","LADY",366,"White Pit Bull"
7/2/12,"2204 PASADENA AUSTIN, TX","NORMAL","A631181","DOG","FEMALE","NO","ATHENA",366,"Liver Tick Germ Sh Point"
7/2/12,"2204 PASADENA AUSTIN, TX","NORMAL","A631182","PUPPY","MALE","NO","BANDIT",91,"White Shih Tzu"
7/2/12,"MISTYGLEN CIR AUSTIN, TX","NORMAL","A631184","DOG","MALE","YES","FERDINAND",2192,"Black Pit Bull"
7/2/12,"45TH ST/BURNET RD AUSTIN, TX","NORMAL","A631191","KITTEN","FEMALE","NO",,22,"Tortie Domestic SH"
7/2/12,"45TH ST/BURNET RD AUSTIN, TX","NORMAL","A631192","KITTEN","FEMALE","NO",,22,"Torbie Domestic SH"
7/2/12,"45TH ST/BURNET RD AUSTIN, TX","NORMAL","A631193","KITTEN","MALE","NO",,22,"Org Tabby Domestic SH"
7/2/12,"45TH ST/BURNET RD AUSTIN, TX","NORMAL","A631194","KITTEN","MALE","NO",,22,"Org Tabby Domestic SH"
7/2/12,"45TH ST/BURNET RD AUSTIN, TX","NORMAL","A631195","KITTEN","MALE","NO",,22,"Org Tabby Domestic SH"
7/2/12,"8302 GUADALUPE ST AUSTIN, TX","NORMAL","A631196","CAT","MALE","NO",,547,"Slvr Tabby Domestic SH"
7/2/12,"BLACKSON AVE AUSTIN, TX","NORMAL","A631197","DOG","FEMALE","NO",,122,"Brown Pointer"
7/2/12,"3503 GOODWIN AVE AUSTIN, TX","FERAL","A631201","CAT","FEMALE","NO",,912,"Black Domestic SH"
7/2/12,"AUSTIN, TX","NORMAL","A631202","DOG","FEMALE","YES","BELLA",731,"Blue Pit Bull"
7/2/12,"11228 BARN OWN AUSTIN, TX","NORMAL","A631203","DOG","MALE","NO","CHANDLER",2192,"Blue Pit Bull"
7/2/12,"BURLESON ST AND OLTORF AUSTIN, TX","NORMAL","A631210","PUPPY","MALE","NO",,72,"Brown Labrador Retr"
7/2/12,"313 CHALMERS AUSTIN, TX","NORMAL","A631223","DOG","FEMALE","YES","PEANUT",731,"Tricolor Chihuahua Sh"
7/2/12,"1156 W CESAR CHAVEZ AUSTIN, TX","NORMAL","A631225","DOG","FEMALE","NO","LUNA",366,"Br Brindle Border Collie"
7/2/12,"1408 FORT BRANCH BLVD AUSTIN, TX","SICK","A631234","PUPPY","FEMALE","NO","FARRAH",45,"Red Merle Jack Russ Terr"
7/2/12,"AIRPORT AND 183 AUSTIN, TX","NORMAL","A631240","KITTEN","FEMALE","NO","DEE",45,"Black Domestic SH"
7/2/12,"AUSTIN, TX","NORMAL","A631241","KITTEN","MALE","NO",,7,"White Domestic SH"
7/2/12,"5703 SHOALWOOD AUSTIN, TX","NORMAL","A631242","CAT","FEMALE","NO",,516,"Tortie Domestic SH"
7/2/12,"5703 SHOALWOOD AUSTIN, TX","NORMAL","A631248","KITTEN","MALE","NO",,37,"Black Domestic SH"
7/2/12,"5703 SHOALWOOD AUSTIN, TX","NORMAL","A631249","KITTEN","FEMALE","NO",,37,"Black Domestic SH"
7/2/12,"5703 SHOALWOOD AUSTIN, TX","NORMAL","A631250","KITTEN","MALE","NO",,37,"Org Tabby Domestic SH"
7/2/12,"5703 SHOALWOOD AUSTIN, TX","NORMAL","A631251","KITTEN","FEMALE","NO",,37,"Tortie Domestic SH"
7/2/12,"GUADALUPE AND 24TH ST AUSTIN, TX","NORMAL","A631253","KITTEN","FEMALE","NO","STELLA",45,"Black Domestic SH"
7/2/12,"12611 N HWY 183 AUSTIN, TX","NORMAL","A631256","KITTEN","MALE","NO","DILLAN",61,"Blue Domestic MH"
7/2/12,"12611 N HWY 183 AUSTIN, TX","NORMAL","A631257","KITTEN","MALE","NO","BLAINE",61,"Blue Domestic MH"
7/2/12,"12611 N HWY 183 AUSTIN, TX","NORMAL","A631258","KITTEN","FEMALE","NO","MARTHA",61,"Black Domestic SH"
7/2/12,"12611 N HWY 183 AUSTIN, TX","NORMAL","A631260","KITTEN","MALE","NO","DORIAN",61,"White Domestic MH"
7/2/12,"7201 LEVANDER LOOP AUSTIN, TX","NORMAL","A631278","DOG","MALE","NO","PANTERA",1094,"Black Chihuahua Sh"
7/2/12,"MONTOPOLIS DR/STASSNEY LN AUSTIN, TX","NORMAL","A631282","DOG","MALE","NO","REX",366,"Black Mex Hairless"
7/2/12,"4607 BUTTON BEND RD AUSTIN, TX","NORMAL","A631283","DOG","MALE","NO","CHRISTIAN",2192,"Black Pit Bull"
7/2/12,"WM CANNON AND PLEASANT VALLEY AUSTIN, TX","NORMAL","A631284","KITTEN","FEMALE","NO","KAHLA",116,"Org Tabby Domestic SH"
7/2/12,"SLAUGHTER LN/S. 1ST ST AUSTIN, TX","NORMAL","A631285","DOG","FEMALE","YES","LUCY",366,"White Jack Russ Terr"
7/2/12,"GARLAND AND LEDESMA AUSTIN, TX","NORMAL","A631287","DOG","MALE","YES",,5479,"Black Chihuahua Sh"
7/2/12,"1900 WOODWARD ST AUSTIN, TX","NORMAL","A631292","DOG","MALE","NO","TOBY",213,"Black Jack Russ Terr"
7/3/12,"RIVERSIDE AUSTIN, TX","NORMAL","A625812","DOG","FEMALE","YES","TRIXIE",217,"Bl Brindle Plott Hound"
7/3/12,"1800 TERI RD. AUSTIN, TX","NORMAL","A628263","DOG","MALE","YES","OSO",404,"Black Labrador Retr"
7/3/12,"1814 MARGARET AUSTIN, TX","NORMAL","A631294","CAT","UNKNOWN","UNKNOWN",,367,"Black Domestic MH"
7/3/12,"1109 EMMITT RUN AUSTIN, TX","SICK","A631299","CAT","FEMALE","NO",,4382,"Calico Domestic Lh"
7/3/12,"6941 FELIPE DR AUSTIN, TX","NORMAL","A631301","CAT","MALE","NO","ALVIN",137,"Org Tabby Domestic SH"
7/3/12,"SOUTHRIDGE DR/BANISTER LN AUSTIN, TX","NORMAL","A631317","DOG","MALE","YES","SAMMIE",2192,"White Jack Russ Terr"
7/3/12,"RIVERSIDE AND HWY 71 AUSTIN, TX","NORMAL","A631321","KITTEN","MALE","NO","NATHAN",52,"Brn Tabby Domestic SH"
7/3/12,"2941 MOSS ST AUSTIN, TX","NORMAL","A631324","CAT","UNKNOWN","UNKNOWN",,151,"Black Domestic SH"
7/3/12,"S.LAMAR/BLUEBONNET AUSTIN, TX","NORMAL","A631328","DOG","MALE","YES","CHICO",122,"Black Shih Tzu"
7/3/12,"AUSTIN, TX","NORMAL","A631329","CAT","FEMALE","NO","CORIANDER",731,"Brn Tabby Domestic Lh"
7/3/12,"3505 EAST 5TH ST AUSTIN, TX","NORMAL","A631330","KITTEN","MALE","NO",,37,"Org Tabby Domestic SH"
7/3/12,"AUSTIN, TX","NORMAL","A631332","KITTEN","MALE","NO","SKEETER",61,"Black Domestic MH"
7/3/12,"AUSTIN, TX","NORMAL","A631333","KITTEN","FEMALE","NO","ZUMBA",61,"Black Domestic MH"
7/3/12,"BRODIE LN AUSTIN, TX","NORMAL","A631334","DOG","FEMALE","NO","KAMIWA",122,"Black Chihuahua Sh"
7/3/12,"6201 SNEED AUSTIN, TX","SICK","A631337","DOG","FEMALE","NO","MUFFIN",1096,"Red Chow Chow"
7/3/12,"8509 FM 969 AUSTIN, TX","NORMAL","A631338","DOG","MALE","NO","DEKE",1461,"Blue Merle Dachshund"
7/3/12,"2001 EAST 8TH ST AUSTIN, TX","NORMAL","A631341","KITTEN","MALE","NO",,51,"Org Tabby Domestic SH"
7/3/12,"2001 EAST 8TH ST AUSTIN, TX","NORMAL","A631343","KITTEN","MALE","NO",,51,"Org Tabby Domestic SH"
7/3/12,"2001 EAST 8TH ST AUSTIN, TX","NORMAL","A631344","KITTEN","MALE","NO",,51,"Org Tabby Domestic SH"
7/3/12,"2001 EAST 8TH ST AUSTIN, TX","NORMAL","A631345","KITTEN","MALE","NO",,51,"Org Tabby Domestic SH"
7/3/12,"2001 EAST 8TH ST AUSTIN, TX","NORMAL","A631346","KITTEN","MALE","NO",,51,"Blue Tabby Domestic SH"
7/3/12,"7900 MARBLE RIDGE DRIVE AUSTIN, TX","NORMAL","A631347","DOG","MALE","YES","SAM WISE",2922,"Black Chihuahua Sh"
7/3/12,"NICKOLS AVE/SPRINGDALE RD AUSTIN, TX","NORMAL","A631349","KITTEN","MALE","NO",,42,"Org Tabby Domestic SH"
7/3/12,"UNKNOWN AUSTIN, TX","NURSING","A631350","KITTEN","FEMALE","NO","KERBY",4,"Calico Domestic SH"
7/3/12,"UNKNOWN AUSTIN, TX","NURSING","A631351","KITTEN","FEMALE","NO","MAGNOLIA",4,"White Domestic SH"
7/3/12,"UNKNOWN AUSTIN, TX","NURSING","A631352","KITTEN","MALE","NO","TEX",4,"Lynx Pt Domestic SH"
7/3/12,"UNKNOWN AUSTIN, TX","NURSING","A631353","KITTEN","MALE","NO","LANE",4,"Lynx Pt Domestic SH"
7/3/12,"2210 S. FM 973 TRAVIS, TX","NORMAL","A631356","KITTEN","MALE","NO",,22,"White Domestic SH"
7/3/12,"6901 WOLF LN #B TRAVIS, TX","NORMAL","A631357","PUPPY","FEMALE","NO",,76,"White Great Pyrenees"
7/3/12,"1401 E. 12TH AUSTIN, TX","NORMAL","A631360","DOG","MALE","YES","BEAR",731,"Cream Cairn Terrier"
7/3/12,"3225 AMY DONOVAN PLAZA AUSTIN, TX","NORMAL","A631371","CAT","MALE","NO","HENRY",1827,"Org Tabby Domestic MH"
7/3/12,"6700 CRUZ ST AUSTIN, TX","NORMAL","A631372","KITTEN","FEMALE","NO",,45,"Calico Domestic SH"
7/3/12,"AUSTIN, TX","NORMAL","A631376","CAT","FEMALE","YES","ODD BOTKINS",912,"Tortie Domestic MH"
7/3/12,"4411 DOVEWOOD DR AUSTIN, TX","NORMAL","A631377","CAT","MALE","NO",,731,"Black Domestic SH"
7/3/12,"5721 ALSACE RD AUSTIN, TX","NORMAL","A631378","KITTEN","MALE","NO",,40,"Blue Tabby Domestic SH"
7/3/12,"5721 ALSACE RD AUSTIN, TX","NORMAL","A631379","KITTEN","FEMALE","NO",,40,"Blue Tabby Domestic SH"
7/3/12,"5721 ALSACE RD AUSTIN, TX","NORMAL","A631380","KITTEN","FEMALE","NO",,40,"Calico Domestic SH"
7/3/12,"1601 MONTOPOLIS DR AUSTIN, TX","NORMAL","A631392","DOG","MALE","NO","MAX",122,"Red Rhod Ridgeback"
7/4/12,"9007 WELLESLEY AUSTIN, TX","NORMAL","A316349","DOG","FEMALE","YES","SWEET PEA",5359,"Black Dachshund"
7/4/12,"AUSTIN, TX","NORMAL","A447918","DOG","MALE","YES","CHAZ",2840,"Tan Rat Terrier"
7/4/12,"AUSTIN, TX","NORMAL","A615442","DOG","MALE","YES","SAMMIE",636,"Brown Beagle"
7/4/12,"CHERRY STREET AUSTIN, TX","NORMAL","A616086","DOG","FEMALE","YES","BLANCHE",3117,"Black Labrador Retr"
7/4/12,"BEN WHITE / JOHN GLEN AUSTIN, TX","NORMAL","A631397","DOG","MALE","NO",,1461,"Brown Germ Shepherd"
7/4/12,"JIM THROPE AUSTIN, TX","NORMAL","A631398","DOG","MALE","YES","JAX",731,"White Germ Sh Point"
7/4/12,"1173 HARVEY AUSTIN, TX","SICK","A631400","KITTEN","MALE","NO",,15,"Org Tabby Domestic SH"
7/4/12,"AUSTIN, TX","NORMAL","A631401","KITTEN","UNKNOWN","UNKNOWN",,15,"Org Tabby Domestic SH"
7/4/12,"AUSTIN, TX","NORMAL","A631402","KITTEN","UNKNOWN","UNKNOWN",,15,"Org Tabby Domestic SH"
7/4/12,"AUSTIN, TX","NORMAL","A631403","KITTEN","UNKNOWN","UNKNOWN",,15,"Org Tabby Domestic SH"
7/4/12,"AUSTIN, TX","NORMAL","A631404","KITTEN","UNKNOWN","UNKNOWN",,15,"Tortie Domestic SH"
7/4/12,"TODD RD AND ST ELMO ST AUSTIN, TX","NORMAL","A631410","DOG","FEMALE","YES","HONEY",881,"Tan Rat Terrier"
7/4/12,"WOODROW AVE AUSTIN, TX","INJURED","A631411","CAT","MALE","YES","JEREMY",1827,"Lynx Pt Siamese"
7/4/12,"RUNNING WATER DRIVE AUSTIN, TX","NORMAL","A631413","DOG","FEMALE","YES","SADIE",2922,"Black Border Collie"
7/4/12,"6700 CAMPINA XING TRAVIS, TX","INJURED","A631415","DOG","MALE","NO",,547,"Chocolate Chihuahua Sh"
7/4/12,"JAMES BAUSCH LN AUSTIN, TX","INJURED","A631416","CAT","FEMALE","NO",,1096,"White Domestic SH"
7/4/12,"4106 N LAMAR AUSTIN, TX","NORMAL","A631422","DOG","MALE","NO","BOGEY",3285,"Gray Schnauzer Min"
7/4/12,"BARTON SPRINGS AUSTIN, TX","NORMAL","A631423","DOG","MALE","NO","KIMBO",731,"Brown Pit Bull"
7/4/12,"SLAUGHTER AND MANCHACA AUSTIN, TX","NORMAL","A631431","DOG","MALE","NO","TEDDY",122,"Buff Sc Wheat Terr"
7/4/12,"1156 W CESAR CHAVEZ AUSTIN, TX","NORMAL","A631436","DOG","MALE","NO","DOMINGO",2922,"Brown Yorkshire Terr"
7/4/12,"SLAUGHTER AND MANCHACA AUSTIN, TX","NORMAL","A631438","DOG","FEMALE","NO","TESS",731,"White Sc Wheat Terr"
7/4/12,"1156 W CESAR CHAVEZ AUSTIN, TX","NORMAL","A631439","DOG","MALE","NO","BOY",274,"Black Scot Terrier"
7/4/12,"14304 CAMERON RD MANOR, TX","NORMAL","A631441","KITTEN","MALE","NO","MARVIN",91,"Brn Tabby Domestic SH"
7/4/12,"AUSTIN, TX","NORMAL","A631442","DOG","MALE","NO","HANK",3653,"Black Aust Shepherd"
7/4/12,"SAN BERNARD AUSTIN, TX","SICK","A631443","CAT","UNKNOWN","UNKNOWN",,2922,"Blue Domestic Lh"
7/4/12,"4905 BIRCH CREEK RD AUSTIN, TX","NORMAL","A631446","DOG","MALE","NO","ACE",516,"Black Border Collie"
7/4/12,"2210 S FM 973 AUSTIN, TX","NORMAL","A631447","KITTEN","FEMALE","NO",,14,"Calico Domestic MH"
7/4/12,"2210 S FM 973 AUSTIN, TX","NORMAL","A631448","KITTEN","MALE","NO",,14,"Org Tabby Domestic MH"
7/4/12,"2210 S FM 973 AUSTIN, TX","NORMAL","A631449","KITTEN","MALE","NO",,14,"Blue Domestic MH"
7/4/12,"2210 S FM 973 AUSTIN, TX","NORMAL","A631450","KITTEN","FEMALE","NO",,14,"Black Domestic MH"
7/4/12,"5500 VILLAGE LN AUSTIN, TX","SICK","A631452","KITTEN","MALE","NO",,91,"Org Tabby Domestic SH"
7/5/12,"11800 N LAMAR BLVD AUSTIN, TX","INJURED","A329015","DOG","FEMALE","YES","GRENDLE",3883,"Brown Germ Shepherd"
7/5/12,"AUSTIN, TX","NORMAL","A364429","DOG","MALE","YES","HUGO",2907,"Black Labrador Retr"
7/5/12,"BARTON SPRINGS AUSTIN, TX","NORMAL","A566678","DOG","MALE","YES","ROCCO",1785,"Red Labrador Retr"
7/5/12,"BARTON SPRINGS & LAMAR AUSTIN, TX","NORMAL","A596939","DOG","MALE","NO","PRINCEGODRIC",812,"Brown Chihuahua Sh"
7/5/12,"SPICEWOOD AND WYCLIFF TRAVIS, TX","NORMAL","A619435","DOG","MALE","YES","SPANKY",521,"Black Boxer"
7/5/12,"12034 RESEARCH BLVD AUSTIN, TX","NORMAL","A631454","DOG","FEMALE","YES","BEAUTY",366,"Black Labrador Retr"
7/5/12,"9801 DECKER LANE TRAVIS, TX","OTHER","A631455","DOG","MALE","NO",,731,"Black Rottweiler"
7/5/12,"900 BARTON SPRINGS AUSTIN, TX","NORMAL","A631456","DOG","MALE","YES","ROCKY",1827,"Black Germ Shepherd"
7/5/12,"4434 FRONTIER AUSTIN, TX","NORMAL","A631462","KITTEN","FEMALE","NO",,52,"Black Domestic MH"
7/5/12,"4434 FRONTIER AUSTIN, TX","NORMAL","A631463","KITTEN","MALE","NO",,52,"Crm Tabby Domestic MH"
7/5/12,"6200 LOYOLA AUSTIN, TX","NORMAL","A631464","DOG","MALE","YES","KENT",731,"Brown Pit Bull"
7/5/12,"3100 RIVER RD, 78612 TRAVIS, TX","NORMAL","A631469","CAT","FEMALE","NO",,547,"Brn Tabby Domestic SH"
7/5/12,"AUSTIN, TX","INJURED","A631470","CAT","FEMALE","YES",,731,"Brn Tabby Domestic SH"
7/5/12,"3100 RIVER RD, 78612 TRAVIS, TX","NORMAL","A631471","KITTEN","FEMALE","NO",,30,"Calico Domestic SH"
7/5/12,"3100 RIVER RD, 78612 TRAVIS, TX","NORMAL","A631472","KITTEN","FEMALE","NO",,30,"Calico Domestic SH"
7/5/12,"3100 RIVER RD, 78612 TRAVIS, TX","NORMAL","A631473","KITTEN","MALE","NO",,30,"Brn Tabby Domestic SH"
7/5/12,"3100 RIVER RD, 78612 TRAVIS, TX","NORMAL","A631474","KITTEN","MALE","NO",,30,"Brn Tabby Domestic SH"
7/5/12,"3100 RIVER RD, 78612 TRAVIS, TX","NORMAL","A631475","KITTEN","FEMALE","NO",,30,"Brn Tabby Domestic Lh"
7/5/12,"AUSTIN, TX","NORMAL","A631477","CAT","FEMALE","NO","ASSATA",1522,"Black Domestic SH"
7/5/12,"5002 A GOOD WOOD AUSTIN, TX","NORMAL","A631482","DOG","MALE","NO",,547,"Tan Beagle"
7/5/12,"ROBERT KLEBURG AND CONVICT HILL AUSTIN, TX","NORMAL","A631497","DOG","MALE","NO","BEAR",1460,"White Pomeranian"
7/5/12,"8400 HORNET DRIVE AUSTIN, TX","NORMAL","A631509","KITTEN","UNKNOWN","UNKNOWN",,7,"Blue Domestic SH"
7/5/12,"8400 HORNET DRIVE AUSTIN, TX","NORMAL","A631510","KITTEN","UNKNOWN","UNKNOWN",,7,"Black Domestic SH"
7/5/12,"8400 HORNET DRIVE AUSTIN, TX","NORMAL","A631511","KITTEN","UNKNOWN","UNKNOWN",,7,"Black Domestic SH"
7/5/12,"UNKNOWN DEL VALLE, TX","INJURED","A631524","DOG","MALE","NO","ROLO",731,"Tan Pug"
7/5/12,"5812 TRADE CENTER DR AUSTIN, TX","NORMAL","A631534","DOG","FEMALE","NO","STARLA",731,"Red Pointer"
7/5/12,"HERITAGE OAKS/ LONG CREEK AUSTIN, TX","NORMAL","A631535","CAT","MALE","NO",,122,"Black Domestic SH"
7/5/12,"BARTON SPRINGS AUSTIN, TX","NORMAL","A631536","DOG","MALE","YES","DUKE",2922,"Chocolate Labrador Retr"
7/5/12,"2605 DOUGLAS STREET AUSTIN, TX","NORMAL","A631537","DOG","FEMALE","NO","VAL",1827,"Black Pit Bull"
7/5/12,"DOC HOLLIDAY AUSTIN, TX","NORMAL","A631538","DOG","MALE","YES","MCLOVIN",366,"Tan Pit Bull"
7/5/12,"MOPAC & VERMILLION AUSTIN, TX","NORMAL","A631539","KITTEN","FEMALE","NO",,45,"Black Domestic SH"
7/5/12,"AUSTIN COLONY TRAVIS, TX","NORMAL","A631540","DOG","FEMALE","NO","BRIANNA",1277,"Black Flat Coat Retr"
7/5/12,"729 DECKER PRAIRE AUSTIN, TX","NORMAL","A631541","DOG","MALE","YES","RODNEY",3288,"Black Germ Shepherd"
7/5/12,"MAHA RD AND SCHRIBER AUSTIN, TX","NORMAL","A631542","DOG","MALE","NO","CHUY",547,"Brown Chihuahua Sh"
7/5/12,"400 W. LIVE OAK AUSTIN, TX","NORMAL","A631543","KITTEN","FEMALE","NO","CONNIE",102,"Brn Tabby Domestic SH"
7/5/12,"8201 LAZY LN AUSTIN, TX","NORMAL","A631544","DOG","MALE","NO",,1827,"Chocolate Chihuahua Sh"
7/5/12,"610 VERMONT RD AUSTIN, TX","NORMAL","A631546","DOG","MALE","YES","LUCKY",2557,"Gray Germ Shepherd"
7/5/12,"MARTIN LUTHER KING AUSTIN, TX","NORMAL","A631548","KITTEN","FEMALE","NO","ELLE",72,"White Domestic SH"
7/5/12,"13005 HEINEMANN DR, 78727 AUSTIN, TX","NORMAL","A631549","CAT","MALE","YES","SAGINAW",4383,"Black Domestic SH"
7/5/12,"LA PULGA DEL 812 AUSTIN, TX","NORMAL","A631555","PUPPY","MALE","NO","ROSCOE",61,"Br Brindle Labrador Retr"
7/5/12,"LA PULGA DEL 812 AUSTIN, TX","NORMAL","A631557","PUPPY","FEMALE","NO","ZOE",61,"Chocolate Labrador Retr"
7/5/12,"114 HAVANNA AUSTIN, TX","NURSING","A631565","KITTEN","FEMALE","NO",,7,"Tortie Domestic SH"
7/5/12,"3107 CROWNOVER TRAVIS, TX","NORMAL","A631570","DOG","FEMALE","NO","PINKY",366,"White Chihuahua Lh"
7/5/12,"HAMILTON POOL RD AND HWY 71 AUSTIN, TX","INJURED","A631571","CAT","FEMALE","NO","CASSIOPEIA",122,"Black Domestic SH"
7/5/12,"9205 COLLINFIELD AUSTIN, TX","NURSING","A631573","KITTEN","FEMALE","NO",,7,"Black Domestic SH"
7/5/12,"9205 COLLINFIELD AUSTIN, TX","NURSING","A631574","KITTEN","FEMALE","NO",,7,"Brn Tabby Domestic SH"
7/5/12,"9205 COLLINFIELD AUSTIN, TX","NURSING","A631575","KITTEN","MALE","NO",,7,"Brn Tabby Domestic MH"
7/5/12,"UNKNOWN AUSTIN, TX","NORMAL","A631576","DOG","MALE","NO","BRUNO",731,"Brown Chihuahua Sh"
7/5/12,"620/LAKELINE TRAVIS, TX","NORMAL","A631577","DOG","MALE","NO",,731,"Black Aust Cattle Dog"
7/5/12,"12313 TURTLE ROCK RD AUSTIN, TX","NURSING","A631578","CAT","FEMALE","NO","CAROLINA",1096,"Brn Tabby Domestic SH"
7/5/12,"12313 TURTLE ROCK RD AUSTIN, TX","NURSING","A631579","KITTEN","FEMALE","NO",,10,"Blue Tabby Domestic SH"
7/5/12,"12313 TURTLE ROCK RD AUSTIN, TX","NURSING","A631580","KITTEN","MALE","NO",,10,"Black Domestic SH"
7/5/12,"MONTOPOLIS AND KEMP DR AUSTIN, TX","NORMAL","A631581","DOG","FEMALE","YES","LOLA",1096,"Black Staffordshire"
7/5/12,"12313 TURTLE ROCK RD AUSTIN, TX","NURSING","A631582","KITTEN","FEMALE","NO",,10,"Brn Tabby Domestic SH"
7/5/12,"12313 TURTLE ROCK RD AUSTIN, TX","NURSING","A631583","KITTEN","MALE","NO",,10,"Brn Tabby Domestic SH"
7/5/12,"2501 ANKEN DR AUSTIN, TX","NORMAL","A631586","KITTEN","MALE","NO","TIGGARD",79,"Crm Tabby Domestic MH"
7/5/12,"EAST OLTORF AUSTIN, TX","NORMAL","A631595","CAT","MALE","NO",,151,"Blue Domestic SH"
7/6/12,"7061 SPICEWOOD SPRING RD AUSTIN, TX","NORMAL","A627928","DOG","MALE","YES","TITAN",1506,"White Aust Cattle Dog"
7/6/12,"38 1/2 AND AVENUE H AUSTIN, TX","NORMAL","A631608","DOG","MALE","NO",,151,"Black Pit Bull"
7/6/12,"2309 E 11TH ST AUSTIN, TX","NORMAL","A631610","DOG","FEMALE","YES","SOPHIE",1827,"White Maltese"
7/6/12,"STASSNEY LN/WILLIAM CANNON DR AUSTIN, TX","NORMAL","A631612","DOG","MALE","NO","LONDON",547,"Sable Chihuahua Sh"
7/6/12,"2905 GLEN RAE ST AUSTIN, TX","NURSING","A631613","KITTEN","MALE","NO",,7,"Brn Tabby Domestic SH"
7/6/12,"2202 WELLS PORT CV AUSTIN, TX","NORMAL","A631615","DOG","FEMALE","NO",,1827,"White Chihuahua Sh"
7/6/12,"14401 MOWSBURY AUSTIN, TX","NORMAL","A631616","DOG","MALE","YES","BRUTUS",2192,"Chocolate Labrador Retr"
7/6/12,"8706 CLEARBROOK TRAIL AUSTIN, TX","NORMAL","A631617","DOG","MALE","NO",,1461,"White Basset Hound"
7/6/12,"9500 DESSAU RD AUSTIN, TX","NORMAL","A631622","KITTEN","MALE","NO",,30,"Org Tabby Domestic SH"
7/6/12,"5507 B SPRING MEADOW AUSTIN, TX","SICK","A631623","DOG","MALE","NO","OSO",4383,"Black Chow Chow"
7/6/12,"DECKER AND LOYOLA AUSTIN, TX","NORMAL","A631624","CAT","MALE","YES",,1096,"White Domestic SH"
7/6/12,"4801 S HWY 183 AUSTIN, TX","NORMAL","A631625","DOG","FEMALE","NO","HEIDI",1096,"Black Pit Bull"
7/6/12,"STASSNEY AND 1ST ST AUSTIN, TX","INJURED","A631626","CAT","MALE","NO",,731,"Flame Pt Siamese"
7/6/12,"9110 S HWY 183 TRAVIS, TX","NORMAL","A631627","PUPPY","FEMALE","NO","MICKEY",117,"Tan Labrador Retr"
7/6/12,"LINDEN AND 2ND ST AUSTIN, TX","INJURED","A631628","DOG","FEMALE","NO","RICE CHEX",179,"Brown Border Terrier"
7/6/12,"E CESAR CHAVEZ AND COMAL AUSTIN, TX","NORMAL","A631629","CAT","MALE","NO","GACK",122,"Blue Tabby Domestic SH"
7/6/12,"E CESAR CHAVEZ AND COMAL AUSTIN, TX","NORMAL","A631630","CAT","FEMALE","NO","GENEIEVE",122,"Black Domestic SH"
7/6/12,"1209 E 52ND ST AUSTIN, TX","INJURED","A631631","DOG","FEMALE","NO",,2922,"Br Brindle Pit Bull"
7/6/12,"LAMAR AND 35 AUSTIN, TX","NORMAL","A631632","PUPPY","MALE","NO","BOOMER",45,"Black Labrador Retr"
7/6/12,"PARMER AND METRIC AUSTIN, TX","NORMAL","A631637","DOG","MALE","NO","GIZMO",366,"Black Pit Bull"
7/6/12,"PARMER AND METRIC AUSTIN, TX","NORMAL","A631638","DOG","MALE","NO","GOOBER",366,"Blue Pit Bull"
7/6/12,"8515 SOUTH IH3 AUSTIN, TX","INJURED","A631645","DOG","MALE","YES",,1827,"Black Bruss Griffon"
7/6/12,"5716 ANGEL AUSTIN, TX","NORMAL","A631649","DOG","FEMALE","NO","MACHITAS",177,"White Chihuahua Sh"
7/6/12,"5716 ANGEL AUSTIN, TX","NORMAL","A631651","DOG","MALE","NO","FINN",547,"White Chihuahua Sh"
7/6/12,"5716 ANGEL AUSTIN, TX","NORMAL","A631653","DOG","FEMALE","NO","GINGER",547,"Chocolate Chihuahua Sh"
7/6/12,"811 W SLAUGHTER AUSTIN, TX","NORMAL","A631657","PUPPY","FEMALE","NO","FOSTER",61,"Black Labrador Retr"
7/6/12,"811 W SLAUGHTER AUSTIN, TX","NORMAL","A631658","PUPPY","FEMALE","NO","HALLIE",61,"Chocolate Labrador Retr"
7/6/12,"5555 N. LAMAR AUSTIN, TX","NORMAL","A631661","DOG","MALE","NO","PRINCE",731,"Tan Chihuahua Sh"
7/6/12,"COLLINWOOD WEST AND AMBLEWOOD WAY AUSTIN, TX","NORMAL","A631664","DOG","FEMALE","NO",,151,"Fawn Doberman Pinsch"
7/6/12,"183 AND HWY 812 AUSTIN, TX","NORMAL","A631674","DOG","MALE","NO","WARBLEGARBLE",1827,"Chocolate Pit Bull"
7/6/12,"8816 WILEY WAY AUSTIN, TX","NORMAL","A631675","DOG","MALE","YES","BOOMER",1826,"Red Rhod Ridgeback"
7/6/12,"5129 CAMERON RD AUSTIN, TX","NORMAL","A631676","DOG","FEMALE","NO",,304,"Fawn Pit Bull"
7/6/12,"29TH AND GUADALUPE AUSTIN, TX","NORMAL","A631677","CAT","FEMALE","YES","LADY",547,"Slvr Tabby Domestic SH"
7/7/12,"1301 FORT BRANCH BLVD AUSTIN, TX","NORMAL","A494007","DOG","FEMALE","YES","BIG GIRL",2922,"White Amer Bulldog"
7/7/12,"ROSEBOROUGH AND SALT SPRINGS AUSTIN, TX","NORMAL","A573784","DOG","FEMALE","YES","BAMBI",858,"Tan Chihuahua Sh"
7/7/12,"4434 FRONTIER TRL AUSTIN, TX","NORMAL","A631669","CAT","MALE","YES",,122,"Brn Tabby Domestic SH"
7/7/12,"1113 HAVERFORD AUSTIN, TX","NORMAL","A631687","DOG","MALE","YES","BLAKE",2919,"Black Shih Tzu"
7/7/12,"12000 KIMBO RD/ 290 TRAVIS, TX","NORMAL","A631692","PUPPY","FEMALE","NO","NESTA",61,"Black Pointer"
7/7/12,"12000 KIMBO RD/ 290 TRAVIS, TX","NORMAL","A631693","PUPPY","FEMALE","NO","JAMAICA",61,"Black Pointer"
7/7/12,"12000 KIMBO RD/ 290 TRAVIS, TX","NORMAL","A631694","PUPPY","FEMALE","NO","RASTA",61,"Black Pointer"
7/7/12,"7302 GUNNISON PASS AUSTIN, TX","NORMAL","A631695","DOG","MALE","NO","KODA",1096,"Black Pit Bull"
7/7/12,"7302 GUNNISON PASS AUSTIN, TX","NORMAL","A631696","DOG","FEMALE","NO","KIKI",304,"Tan Pit Bull"
7/7/12,"7302 GUNNISON PASS AUSTIN, TX","NORMAL","A631697","DOG","FEMALE","NO",,304,"Br Brindle Pit Bull"
7/7/12,"UNKNOWN AUSTIN, TX","NORMAL","A631698","KITTEN","FEMALE","NO",,52,"Black Domestic SH"
7/7/12,"UNKNOWN AUSTIN, TX","NORMAL","A631699","CAT","FEMALE","NO",,731,"Brn Tabby Domestic SH"
7/7/12,"7103 GEENOCK ST AUSTIN, TX","NORMAL","A631700","DOG","MALE","NO",,1827,"Gold Norfolk Terrier"
7/7/12,"AUSTIN, TX","NORMAL","A631701","CAT","FEMALE","YES","BONNIE ROO",2557,"Calico Domestic MH"
7/7/12,"10528 CHANNEL ISLAND AUSTIN, TX","NORMAL","A631704","CAT","FEMALE","NO",,731,"Tortie Domestic SH"
7/7/12,"4500 ARISTOCRAT DR AUSTIN, TX","NORMAL","A631706","PUPPY","FEMALE","NO","TERESITA",61,"White Labrador Retr"
7/7/12,"4500 ARISTOCRAT DR AUSTIN, TX","NORMAL","A631707","PUPPY","FEMALE","NO",,61,"White Labrador Retr"
7/7/12,"4500 ARISTOCRAT DR AUSTIN, TX","NORMAL","A631708","PUPPY","FEMALE","NO",,61,"Black Labrador Retr"
7/7/12,"4500 ARISTOCRAT DR AUSTIN, TX","NORMAL","A631709","PUPPY","MALE","NO","JAX",61,"Black Labrador Retr"
7/7/12,"401 LITTLE TEXAS LANE AUSTIN, TX","NORMAL","A631710","CAT","FEMALE","NO",,1827,"Blue Cream Domestic SH"
7/7/12,"401 LITTLE TEXAS LANE AUSTIN, TX","NORMAL","A631711","KITTEN","FEMALE","NO",,22,"Calico Domestic SH"
7/7/12,"401 LITTLE TEXAS LANE AUSTIN, TX","NORMAL","A631712","KITTEN","MALE","NO",,22,"Calico Domestic SH"
7/7/12,"401 LITTLE TEXAS LANE AUSTIN, TX","NORMAL","A631713","KITTEN","MALE","NO",,22,"Org Tabby Domestic SH"
7/7/12,"2300 CLAYTON WAY, 78613 AUSTIN, TX","NORMAL","A631714","DOG","FEMALE","NO","MONIQUE",366,"Y Brindle Pit Bull"
7/7/12,"1140 ELDER CIRCLE AUSTIN, TX","NORMAL","A631715","DOG","MALE","NO","BUSTER",366,"Black Border Terrier"
7/7/12,"AUSTIN, TX","NORMAL","A631721","DOG","FEMALE","NO",,366,"Blue Merle Aust Shepherd"
7/7/12,"17806 SANDY LN JONESTOWN, TX","NORMAL","A631722","CAT","MALE","NO",,1827,"Black Domestic SH"
7/7/12,"302 PROVINES AUSTIN, TX","NORMAL","A631729","KITTEN","MALE","NO",,45,"Org Tabby Domestic SH"
7/7/12,"302 PROVINES AUSTIN, TX","NORMAL","A631730","KITTEN","MALE","NO",,30,"Black Domestic SH"
7/7/12,"302 PROVINES AUSTIN, TX","NORMAL","A631731","KITTEN","MALE","NO",,30,"Org Tabby Domestic SH"
7/7/12,"302 PROVINES AUSTIN, TX","NORMAL","A631732","KITTEN","FEMALE","NO",,30,"Calico Domestic SH"
7/7/12,"302 PROVINES AUSTIN, TX","NORMAL","A631733","KITTEN","MALE","NO",,22,"Black Domestic SH"
7/7/12,"302 PROVINES AUSTIN, TX","NORMAL","A631734","KITTEN","FEMALE","NO",,22,"Black Domestic SH"
7/7/12,"302 PROVINES AUSTIN, TX","NORMAL","A631735","KITTEN","FEMALE","NO",,22,"Blue Cream Domestic SH"
7/7/12,"302 PROVINES AUSTIN, TX","NORMAL","A631736","KITTEN","FEMALE","NO",,22,"Blue Cream Domestic SH"
7/7/12,"302 PROVINES AUSTIN, TX","NORMAL","A631737","KITTEN","FEMALE","NO",,22,"Brn Tabby Domestic SH"
7/7/12,"302 PROVINES AUSTIN, TX","NORMAL","A631738","KITTEN","MALE","NO",,22,"Blue Tabby Domestic SH"
7/7/12,"302 PROVINES AUSTIN, TX","NORMAL","A631739","KITTEN","FEMALE","NO",,22,"Blue Domestic SH"
7/7/12,"302 PROVINES AUSTIN, TX","NORMAL","A631740","KITTEN","MALE","NO",,22,"Org Tabby Domestic SH"
7/7/12,"3609 RUBY RED DR AUSTIN, TX","NORMAL","A631741","CAT","MALE","YES","TEXAS",366,"Org Tabby Domestic MH"
7/7/12,"302 PROVINES AUSTIN, TX","NORMAL","A631742","KITTEN","FEMALE","NO",,22,"Blue Cream Domestic SH"
7/7/12,"UNKNOWN DEL VALLE, TX","NORMAL","A631744","PUPPY","MALE","NO",,51,"Blue Blue Lacy"
7/7/12,"12820 N. LAMAR AUSTIN, TX","NORMAL","A631745","KITTEN","FEMALE","NO","GERCHIE",91,"Calico Domestic MH"
7/7/12,"I35 AND BEN WHITE AUSTIN, TX","NORMAL","A631749","KITTEN","MALE","NO",,30,"White Domestic SH"
7/7/12,"I35 AND BEN WHITE AUSTIN, TX","NORMAL","A631750","KITTEN","FEMALE","NO",,30,"Calico Domestic SH"
7/7/12,"I35 AND BEN WHITE AUSTIN, TX","NORMAL","A631751","KITTEN","FEMALE","NO",,30,"White Domestic SH"
7/7/12,"I35 AND BEN WHITE AUSTIN, TX","NORMAL","A631752","KITTEN","FEMALE","NO",,30,"Tortie Domestic SH"
7/7/12,"I35 AND BEN WHITE AUSTIN, TX","NORMAL","A631757","KITTEN","MALE","NO",,30,"Org Tabby Domestic SH"
7/7/12,"5703 SHOALWOOD AVE AUSTIN, TX","NORMAL","A631759","KITTEN","MALE","NO","KING",37,"Black Domestic SH"
7/7/12,"9403 MOUNTAIN QUAIL RD AUSTIN, TX","NORMAL","A631761","DOG","FEMALE","NO",,1643,"White Bichon Frise"
7/7/12,"1706 CITY PARK RD AUSTIN, TX","NORMAL","A631763","DOG","FEMALE","NO","SALLY",366,"Brown Germ Shepherd"
7/8/12,"6700 COOPER LANE AND WM CANNON AUSTIN, TX","NORMAL","A247649","DOG","MALE","YES","FEDERICO",4223,"Buff Golden Retr"
7/8/12,"MELISSA OAKS LN AUSTIN, TX","NORMAL","A549810","DOG","MALE","YES","KYO",1447,"Tan Yorkshire Terr"
7/8/12,"MONTOPOLIS AUSTIN, TX","INJURED","A615320","DOG","FEMALE","NO","LADY",369,"Brown Chihuahua Sh"
7/8/12,"5TH/CONGRESS AUSTIN, TX","NORMAL","A631764","DOG","FEMALE","YES","DAISY",1461,"Tricolor Jack Russ Terr"
7/8/12,"9410 DALLUM AUSTIN, TX","NORMAL","A631765","DOG","MALE","NO",,731,"Tan Pit Bull"
7/8/12,"9410 DALLUM AUSTIN, TX","NORMAL","A631766","DOG","MALE","NO","BOWIE",1461,"Brown Chihuahua Sh"
7/8/12,"8220 W HIGHWAY 71 AUSTIN, TX","INJURED","A631769","DOG","MALE","NO",,1096,"Cream Tibetan Span"
7/8/12,"SHERATON AVE/SUBURBAN DR AUSTIN, TX","NORMAL","A631772","DOG","MALE","NO","WOLFGANG",304,"Black Germ Shepherd"
7/8/12,"SHERATON AVE/SUBURBAN DR AUSTIN, TX","NORMAL","A631773","DOG","FEMALE","NO","HEIDI",182,"Sable Germ Shepherd"
7/8/12,"AUSTIN, TX","INJURED","A631774","CAT","FEMALE","YES","CHELSEA",3653,"Tortie Domestic MH"
7/8/12,"10528 CHANNEL ISLAND DR AUSTIN, TX","NORMAL","A631775","CAT","UNKNOWN","UNKNOWN",,731,"Black Domestic SH"
7/8/12,"RIVERSIDE AND CROSSING PLACE AUSTIN, TX","NORMAL","A631776","KITTEN","MALE","NO","PRINCE",30,"Blue Tabby Domestic SH"
7/8/12,"4106 N LAMAR AUSTIN, TX","NORMAL","A631777","CAT","FEMALE","NO","KIMBERLY",1096,"Brn Tabby Domestic MH"
7/8/12,"12034 RESEARCH BLVD AUSTIN, TX","NORMAL","A631778","DOG","MALE","NO","DESI",2557,"Black Chihuahua Sh"
7/8/12,"5008 BLUESTAR DR AUSTIN, TX","NORMAL","A631779","KITTEN","FEMALE","NO","MARTHA",76,"Torbie Domestic SH"
7/8/12,"MONTOPOLIS AUSTIN, TX","NORMAL","A631782","PUPPY","FEMALE","YES","ARIES",91,"Black Pit Bull"
7/8/12,"12201 FERRYSTONE COVE TRAVIS, TX","INJURED","A631785","DOG","MALE","YES","CHATO",2442,"White Pekingese"
7/8/12,"PARMER AND I35 AUSTIN, TX","FERAL","A631789","KITTEN","MALE","NO",,76,"Black Domestic SH"
7/8/12,"14009 HUNTERS PASS TRAVIS, TX","NORMAL","A631791","DOG","MALE","NO","LUKE",1096,"Blue Tick Aust Cattle Dog"
7/8/12,"AUSTIN, TX","NORMAL","A631792","CAT","FEMALE","NO","DUSTY",363,"Lynx Pt Siamese"
7/8/12,"7517 LAZY CREEK DR AUSTIN, TX","NORMAL","A631793","DOG","MALE","NO","PACHA",731,"Brown Pit Bull"
7/8/12,"1403 MARCUS PL AUSTIN, TX","NORMAL","A631794","PUPPY","FEMALE","NO",,30,"Black Germ Shepherd"
7/8/12,"1403 MARCUS PL AUSTIN, TX","NORMAL","A631795","PUPPY","MALE","NO",,30,"White Aust Cattle Dog"
7/8/12,"RUNDBERG AND NORTH GATE AUSTIN, TX","INJURED","A631796","PUPPY","MALE","NO","TOOKIE",91,"Brown Boxer"
7/8/12,"290 EAST AND MIRA LOMA AUSTIN, TX","NORMAL","A631799","DOG","FEMALE","NO",,213,"Black Labrador Retr"
7/8/12,"4400 SHALLOW BROOK TRAIL AUSTIN, TX","NORMAL","A631800","PUPPY","FEMALE","NO",,68,"Black Border Collie"
7/8/12,"AUSTIN, TX","NORMAL","A631801","KITTEN","FEMALE","NO","JUANITA",76,"Calico Domestic SH"
7/8/12,"AIRPORT BLVD AND I35 AUSTIN, TX","NORMAL","A631802","DOG","FEMALE","YES","WOLFIE",1827,"Black Chinese Crested"
7/8/12,"5112 SOUTH 1ST ST AUSTIN, TX","NORMAL","A631803","PUPPY","MALE","NO","MARSHALL",45,"White Boxer"
7/8/12,"10TH AND CHICON AUSTIN, TX","NORMAL","A631804","DOG","FEMALE","NO","ROOT BEER",1096,"Tan Germ Shepherd"
7/8/12,"AUSTIN, TX","NORMAL","A631805","KITTEN","MALE","NO",,37,"Brn Tabby Domestic SH"
7/8/12,"AUSTIN, TX","NORMAL","A631806","KITTEN","MALE","NO",,37,"Blue Tabby Domestic SH"
7/8/12,"AUSTIN, TX","NORMAL","A631807","KITTEN","MALE","NO",,37,"Brn Tabby Domestic SH"
7/8/12,"AUSTIN, TX","NORMAL","A631808","KITTEN","FEMALE","NO",,37,"Calico Domestic SH"
7/8/12,"2212 EMMETT PKWY AUSTIN, TX","NORMAL","A631810","DOG","FEMALE","NO",,1827,"White Poodle Min"
7/8/12,"AUSTIN, TX","NORMAL","A631811","KITTEN","MALE","NO","ZAZZLES",83,"Black Domestic SH"
7/8/12,"6001 WESTCREEK DR AUSTIN, TX","NORMAL","A631817","PUPPY","MALE","NO","FRANKENBEANS",68,"White Pit Bull"
7/8/12,"183 AND BURNET AUSTIN, TX","NORMAL","A631818","DOG","FEMALE","YES","FOXY",2922,"Brown Pomeranian"
7/8/12,"RUNDBERG AND I35 AUSTIN, TX","NORMAL","A631819","DOG","MALE","YES",,1827,"Brown Chihuahua Sh"
7/8/12,"SENDERO HILLS AUSTIN, TX","NORMAL","A631820","KITTEN","FEMALE","NO","DIVA",45,"Torbie Domestic SH"
7/8/12,"UNKNOWN AUSTIN, TX","FERAL","A631822","CAT","FEMALE","NO","JULES",1822,"Black Domestic SH"
7/9/12,"WINDMERE DR/PECAN ST PFLUGERVILLE, TX","NORMAL","A360962","DOG","FEMALE","YES","ROXIE",3968,"Tricolor Fox Terr Smooth"
7/9/12,"4434 FRONTIER TRL AUSTIN, TX","INJURED","A598197","DOG","MALE","YES","PILLOW",994,"White Amer Bulldog"
7/9/12,"6910 E WILLIAM CANNON DR AUSTIN, TX","NORMAL","A613202","DOG","MALE","YES","BARKLEY",616,"Tan Tibetan Terr"
7/9/12,"11404 BRUCE JENNER AUSTIN, TX","NORMAL","A629761","DOG","MALE","YES","JAKE",574,"Brown Chihuahua Sh"
7/9/12,"2314 FERGUSON LN TRAVIS, TX","NORMAL","A631829","DOG","MALE","NO",,731,"Blue Pit Bull"
7/9/12,"2203 HOLLY ST AUSTIN, TX","NURSING","A631830","KITTEN","UNKNOWN","UNKNOWN",,3,"Brn Tabby Domestic SH"
7/9/12,"2203 HOLLY ST AUSTIN, TX","NURSING","A631831","KITTEN","UNKNOWN","UNKNOWN",,3,"Brn Tabby Domestic SH"
7/9/12,"2203 HOLLY ST AUSTIN, TX","NURSING","A631832","KITTEN","UNKNOWN","UNKNOWN",,3,"Black Domestic SH"
7/9/12,"BURNET RD/GREENLAWN PKWY AUSTIN, TX","NORMAL","A631840","DOG","FEMALE","NO","CHINA",547,"Br Brindle Pit Bull"
7/9/12,"BURNET RD/GREENLAWN PKWY AUSTIN, TX","NORMAL","A631841","DOG","MALE","NO","MARLEY",547,"White Labrador Retr"
7/9/12,"6701 LAKEWOOD DRIVE AUSTIN, TX","NORMAL","A631842","PUPPY","MALE","NO",,83,"Tan Pit Bull"
7/9/12,"5400 WEST PARMER LN AUSTIN, TX","NORMAL","A631848","PUPPY","MALE","NO","VINNY",61,"Tan Labrador Retr"
7/9/12,"1207 MEADOWS DR OUT OF JURIS, TX","NORMAL","A631852","PUPPY","MALE","NO",,65,"Tan Labrador Retr"
7/9/12,"1207 MEADOWS DR OUT OF JURIS, TX","NORMAL","A631853","PUPPY","MALE","NO",,65,"Red Labrador Retr"
7/9/12,"STONEY POINT DR AND PIERCE LANE DEL VALLE, TX","INJURED","A631857","DOG","FEMALE","NO",,1827,"White Chihuahua Sh"
7/9/12,"SADDLER LANE AND PIZER ST AUSTIN, TX","NORMAL","A631858","KITTEN","MALE","NO","TUMBLEBUNNY",61,"Black Domestic SH"
7/9/12,"SADDLER LANE AND PIZER ST AUSTIN, TX","NORMAL","A631859","CAT","FEMALE","NO",,547,"Brn Tabby Domestic SH"
7/9/12,"2412 W BENWHITE AUSTIN, TX","INJURED","A631860","DOG","FEMALE","NO",,731,"Black Chihuahua Sh"
7/9/12,"13400 COOMES AUSTIN, TX","NORMAL","A631862","DOG","MALE","NO","QWERTY",366,"Red Pit Bull"
7/9/12,"CAMERON RD AUSTIN, TX","NORMAL","A631870","DOG","FEMALE","NO","GINGER",731,"Tan Chihuahua Sh"
7/9/12,"1443 ROXANNE'S RUN PFLUGERVILLE, TX","NORMAL","A631872","DOG","MALE","NO",,166,"Brown Irish Wolfhound"
7/9/12,"MANCHACA AND WILLIAM CANNON AUSTIN, TX","INJURED","A631878","KITTEN","UNKNOWN","UNKNOWN",,61,"Org Tabby Domestic SH"
7/9/12,"I35 AND 38 1/2 AUSTIN, TX","NORMAL","A631879","KITTEN","UNKNOWN","UNKNOWN",,61,"Brn Tabby Domestic SH"
7/9/12,"10700 METRIC AUSTIN, TX","NORMAL","A631883","DOG","FEMALE","NO","HOLLY",1096,"White Dachshund"
7/9/12,"10700 METRIC AUSTIN, TX","NORMAL","A631884","DOG","FEMALE","NO","BERRIE",547,"Red Tick Aust Cattle Dog"
7/9/12,"11900 METRIC AUSTIN, TX","NORMAL","A631893","PUPPY","MALE","NO",,56,"Black Min Pinscher"
7/10/12,"CONVICT HILL AND BRUSH COUNTRY AUSTIN, TX","NORMAL","A521258","DOG","FEMALE","YES","DELILAH",1553,"Cream Border Collie"
7/10/12,"11705 EUBANK AUSTIN, TX","NORMAL","A591056","DOG","FEMALE","YES","MIA",1654,"Black Cocker Span"
7/10/12,"JABORANDI AUSTIN, TX","NORMAL","A623035","CAT","MALE","YES","ROLLINS",3026,"Blue Tabby Domestic SH"
7/10/12,"183 AUTO SALVAGE TRAVIS, TX","NORMAL","A630889","DOG","FEMALE","NO","BAYLAH",378,"White Siberian Husky"
7/10/12,"5219 TAHOE TRL AUSTIN, TX","NORMAL","A631433","DOG","MALE","NO","MEATHEAD",1461,"White Pit Bull"
7/10/12,"12034 RESEARCH AUSTIN, TX","INJURED","A631897","CAT","FEMALE","NO",,366,"Black Domestic SH"
7/10/12,"6921 CARWILL AUSTIN, TX","INJURED","A631898","DOG","FEMALE","NO",,1096,"Black Chihuahua Sh"
7/10/12,"6322 EL MIRADO AUSTIN, TX","NORMAL","A631899","DOG","FEMALE","NO",,304,"Sable Germ Shepherd"
7/10/12,"8205 ELROY DEL VALLE, TX","NORMAL","A631902","PUPPY","FEMALE","NO",,83,"Brown Catahoula"
7/10/12,"1131 OMEGA AUSTIN, TX","NORMAL","A631904","DOG","FEMALE","NO","MADISON",731,"Black Labrador Retr"
7/10/12,"13047 POND SPRINGS AUSTIN, TX","NORMAL","A631907","DOG","MALE","NO",,1827,"White Pit Bull"
7/10/12,"13047 POND SPRINGS AUSTIN, TX","NORMAL","A631908","DOG","FEMALE","NO","AGGIE",1827,"White Pit Bull"
7/10/12,"1411 MEARN MEADOW AUSTIN, TX","NORMAL","A631909","DOG","FEMALE","NO","KENYA",731,"Tan Saluki"
7/10/12,"E.RIVERSIDE/MONTOPOLIS AUSTIN, TX","NORMAL","A631910","PUPPY","FEMALE","NO",,61,"Tricolor Aust Cattle Dog"
7/10/12,"10001 SOUTH 1ST STREET AUSTIN, TX","NORMAL","A631911","DOG","MALE","YES",,1096,"Tan Labrador Retr"
7/10/12,"4025 DUVAL RD AUSTIN, TX","INJURED","A631912","CAT","FEMALE","NO","MARLYS",1096,"Brn Tabby Domestic SH"
7/10/12,"STASSNEY / NUCKLOS XING AUSTIN, TX","NORMAL","A631914","DOG","MALE","NO","LOGAN",1096,"Red Black Mouth Cur"
7/10/12,"HWY 71 AUSTIN, TX","NORMAL","A631916","DOG","MALE","YES","ROWDY",595,"Black Border Collie"
7/10/12,"706 BEDFORD ST AUSTIN, TX","NORMAL","A631917","PUPPY","FEMALE","NO","BONITA",83,"Tricolor Aust Shepherd"
7/10/12,"HWY 973 TRAVIS, TX","INJURED","A631919","KITTEN","MALE","NO",,30,"Black Domestic SH"
7/10/12,"9610 BEAR PAW A AUSTIN, TX","INJURED","A631923","CAT","FEMALE","NO",,304,"Calico Domestic SH"
7/10/12,"6400 NASONI CV AUSTIN, TX","NORMAL","A631927","KITTEN","MALE","NO","MILES",52,"Brn Tabby Domestic SH"
7/10/12,"2015 CEDAR BEND AUSTIN, TX","NORMAL","A631929","KITTEN","UNKNOWN","UNKNOWN",,15,"Black Domestic SH"
7/10/12,"2015 CEDAR BEND AUSTIN, TX","NORMAL","A631930","KITTEN","UNKNOWN","UNKNOWN",,15,"Black Domestic SH"
7/10/12,"2015 CEDAR BEND AUSTIN, TX","NORMAL","A631931","KITTEN","UNKNOWN","UNKNOWN",,15,"Black Domestic SH"
7/10/12,"2015 CEDAR BEND AUSTIN, TX","NORMAL","A631932","KITTEN","UNKNOWN","UNKNOWN",,15,"Black Domestic SH"
7/10/12,"2015 CEDAR BEND AUSTIN, TX","NORMAL","A631933","KITTEN","FEMALE","NO",,15,"Tortie Domestic SH"
7/10/12,"2015 CEDAR BEND AUSTIN, TX","NORMAL","A631934","KITTEN","FEMALE","NO",,15,"Tortie Domestic SH"
7/10/12,"2015 CEDAR BEND AUSTIN, TX","NORMAL","A631935","KITTEN","FEMALE","NO",,15,"Calico Domestic SH"
7/10/12,"TARRYTOWN AUSTIN, TX","NORMAL","A631938","CAT","MALE","YES","ANDY",1096,"Seal Pt Siamese"
7/10/12,"6900 GRANGER #A AUSTIN, TX","NORMAL","A631944","PUPPY","MALE","NO",,37,"Tan Chihuahua Sh"
7/10/12,"6900 GRANGER #A AUSTIN, TX","NORMAL","A631945","PUPPY","FEMALE","NO",,37,"Tan Chihuahua Sh"
7/10/12,"6900 GRANGER #A AUSTIN, TX","NORMAL","A631946","PUPPY","MALE","NO",,37,"Tan Chihuahua Sh"
7/10/12,"6900 GRANGER #A AUSTIN, TX","NORMAL","A631947","PUPPY","FEMALE","NO",,37,"Brown Chihuahua Sh"
7/10/12,"6900 GRANGER #A AUSTIN, TX","NORMAL","A631948","PUPPY","MALE","NO",,37,"White Chihuahua Sh"
7/10/12,"6900 GRANGER #A AUSTIN, TX","NORMAL","A631949","PUPPY","MALE","NO",,37,"Tan Chihuahua Sh"
7/10/12,"6900 GRANGER #A AUSTIN, TX","NORMAL","A631950","PUPPY","FEMALE","NO",,37,"Black Chihuahua Sh"
7/10/12,"PIERCE LANE DEL VALLE, TX","NORMAL","A631951","DOG","MALE","NO","BERT",1827,"Brown Chihuahua Sh"
7/10/12,"PIERCE LANE DEL VALLE, TX","NORMAL","A631952","DOG","MALE","NO","ERNIE",1827,"Brown Chihuahua Sh"
7/10/12,"HAROLD COURT AUSTIN, TX","INJURED","A631953","DOG","MALE","YES","DARK KNIGHT",1096,"Black Labrador Retr"
7/10/12,"11717 OLD LOCKHART RD TRAVIS, TX","NORMAL","A631957","DOG","MALE","NO","SIGMUND",304,"Black Doberman Pinsch"
7/10/12,"17820 ALEPPO PINE TRL TRAVIS, TX","NORMAL","A631962","DOG","MALE","YES","BEAU",1096,"Black Beauceron"
7/10/12,"12809 CHROMITE AUSTIN, TX","NORMAL","A631963","DOG","FEMALE","YES","LITTLE GIRL",2922,"Brown Ital Greyhound"
7/10/12,"BRODIE/SLAUGHTER AUSTIN, TX","NORMAL","A631965","DOG","FEMALE","NO","HONEY",366,"Red Rhod Ridgeback"
7/10/12,"13021 DESSAU RD AUSTIN, TX","NORMAL","A631970","CAT","FEMALE","NO",,731,"Brn Tabby Domestic SH"
7/10/12,"11511 METRIC BLVD AUSTIN, TX","NORMAL","A631974","CAT","FEMALE","NO",,1096,"Black Domestic SH"
7/10/12,"BRODIE/1626 AUSTIN, TX","NORMAL","A631975","DOG","FEMALE","NO",,1096,"Br Brindle Dachshund"
7/10/12,"11511 METRIC BLVD AUSTIN, TX","NORMAL","A631976","KITTEN","MALE","NO",,45,"White Domestic MH"
7/10/12,"14321 HARCOURT HOUSE AUSTIN, TX","NORMAL","A631978","KITTEN","FEMALE","NO",,22,"Calico Domestic SH"
7/10/12,"310 COMAL STREET AUSTIN, TX","NORMAL","A631980","CAT","FEMALE","NO",,730,"Torbie Domestic MH"
7/10/12,"9106 HAPPY TRAIL AUSTIN, TX","NORMAL","A631981","DOG","FEMALE","NO","CINNAMON",731,"Brown Norwich Terrier"
7/10/12,"1101 MANLOVE ST AUSTIN, TX","NORMAL","A631982","DOG","MALE","NO","TIMOTHY",731,"Sable Germ Shepherd"
7/10/12,"183-MCNEIL AUSTIN, TX","NORMAL","A631983","PUPPY","FEMALE","NO","MAXINE",91,"Red Labrador Retr"
7/10/12,"BRODIE/1626 AUSTIN, TX","NORMAL","A631984","DOG","MALE","NO","COOPER",731,"Black Border Collie"
7/10/12,"I H 35 AUSTIN, TX","NORMAL","A631985","DOG","MALE","NO","REX",731,"Brown Pit Bull"
7/10/12,"I H 35 AUSTIN, TX","NORMAL","A631986","PUPPY","MALE","NO","BISHOP",90,"Black Labrador Retr"
7/10/12,"RADCLIFF AUSTIN, TX","NORMAL","A631987","DOG","MALE","NO",,242,"Br Brindle Pit Bull"
7/10/12,"AUSTIN, TX","NORMAL","A631989","KITTEN","MALE","NO",,61,"Lilac Pt Siamese"
7/11/12,"12800 TURTLE ROCK AUSTIN, TX","NORMAL","A450772","DOG","FEMALE","YES","JENNY",2388,"Brown Germ Shepherd"
7/11/12,"11720 GEMMER ST AUSTIN, TX","NORMAL","A494727","DOG","MALE","YES","TIGHT EYES",4413,"White Pit Bull"
7/11/12,"AUSTIN, TX","NORMAL","A582860","DOG","MALE","YES","COOKIE",1049,"Red Dachshund"
7/11/12,"10609 THOROUGHBRED DRIVE AUSTIN, TX","NORMAL","A616593","DOG","MALE","YES","ROBIN HOOD",205,"Sable Germ Shepherd"
7/11/12,"ONION CREEK AUSTIN, TX","NORMAL","A617891","DOG","FEMALE","NO","SAMBA",415,"White Great Pyrenees"
7/11/12,"AUSTIN, TX","NORMAL","A630282","DOG","MALE","YES","LIONEL",387,"Buff Labrador Retr"
7/11/12,"4434 FRONTIER AUSTIN, TX","NORMAL","A631991","DOG","FEMALE","NO",,1827,"Black Labrador Retr"
7/11/12,"4434 FRONTIER AUSTIN, TX","NORMAL","A631992","DOG","FEMALE","NO","LOUISE",213,"Black Labrador Retr"
7/11/12,"4434 FRONTIER AUSTIN, TX","NORMAL","A631993","DOG","FEMALE","NO","THELMA",213,"Black Labrador Retr"
7/11/12,"PFLUGERVILLE, TX","NORMAL","A631994","DOG","MALE","YES","BUD",366,"Tan Labrador Retr"
7/11/12,"PFLUGERVILLE, TX","NORMAL","A631995","DOG","FEMALE","YES","LOLA BELLE",1096,"Gray Weimaraner"
7/11/12,"PFLUGERVILLE, TX","NORMAL","A631996","DOG","FEMALE","YES",,731,"Red Bloodhound"
7/11/12,"7201 LEVANDER LOOP AUSTIN, TX","NORMAL","A631997","DOG","MALE","NO",,731,"Chocolate Pit Bull"
7/11/12,"7800 NORTH IH 35 AUSTIN, TX","INJURED","A632004","DOG","MALE","NO","PAPUCHON",1096,"White Boxer"
7/11/12,"1305 TUDOR HOUSE TRAVIS, TX","INJURED","A632005","KITTEN","FEMALE","NO",,61,"Brn Tabby Domestic MH"
7/11/12,"1500 S PLEASANT VALLEY AUSTIN, TX","NORMAL","A632006","DOG","FEMALE","YES","ZELDA",2192,"Tan Pit Bull"
7/11/12,"KAY ST AUSTIN, TX","NORMAL","A632007","DOG","MALE","NO","LUCAS",1827,"Brown Boxer"
7/11/12,"13201 RANCH ROAD 620 NORTH AUSTIN, TX","NORMAL","A632010","PUPPY","MALE","NO",,61,"Br Brindle Pit Bull"
7/11/12,"13201 RANCH ROAD 620 NORTH AUSTIN, TX","NORMAL","A632011","PUPPY","MALE","NO",,61,"Br Brindle Pit Bull"
7/11/12,"13201 RANCH ROAD 620 NORTH AUSTIN, TX","NORMAL","A632012","PUPPY","MALE","NO",,61,"Black Pit Bull"
7/11/12,"401 WESTMORLAND DR AUSTIN, TX","NORMAL","A632020","DOG","MALE","YES","ROCKY",2557,"Black Labrador Retr"
7/11/12,"401 WESTMORLAND DR AUSTIN, TX","NORMAL","A632021","DOG","MALE","NO","CHESTER",1461,"Tricolor Beagle"
7/11/12,"401 WESTMORLAND DR AUSTIN, TX","NORMAL","A632022","DOG","FEMALE","YES","DOLLY",2557,"White Rat Terrier"
7/11/12,"13021 DESSAU RD AUSTIN, TX","NORMAL","A632025","DOG","FEMALE","NO","SISSY",731,"White Aust Cattle Dog"
7/11/12,"8508 LINDEN LOOP AUSTIN, TX","NORMAL","A632027","DOG","FEMALE","YES","OREO",366,"Black Boston Terrier"
7/11/12,"10550 MAHA CIRCLE AUSTIN, TX","NORMAL","A632028","DOG","FEMALE","NO","DAISY",731,"White Great Pyrenees"
7/11/12,"211 EAST LISA DRIVE AUSTIN, TX","NORMAL","A632029","CAT","UNKNOWN","UNKNOWN",,731,"Brn Tabby Domestic SH"
7/11/12,"5718 PENNY CREEK DR AUSTIN, TX","NORMAL","A632031","DOG","FEMALE","YES","LIBERTY",2192,"Gold Golden Retr"
7/11/12,"13515 CROOKED CREEK PFLUGERVILLE, TX","NORMAL","A632032","CAT","FEMALE","NO","GINNIE",731,"Black Domestic SH"
7/11/12,"13515 CROOKED CREEK PFLUGERVILLE, TX","NORMAL","A632034","CAT","FEMALE","NO","GINA",731,"Calico Domestic SH"
7/11/12,"13515 CROOKED CREEK AUSTIN, TX","NORMAL","A632035","KITTEN","FEMALE","NO",,52,"Slvr Tabby Domestic SH"
7/11/12,"13515 CROOKED CREEK AUSTIN, TX","NORMAL","A632036","KITTEN","MALE","NO",,52,"Org Tabby Domestic SH"
7/11/12,"13515 CROOKED CREEK AUSTIN, TX","NORMAL","A632037","KITTEN","MALE","NO",,52,"Blue Tabby Domestic SH"
7/11/12,"13515 CROOKED CREEK AUSTIN, TX","NORMAL","A632038","KITTEN","MALE","NO",,52,"Org Tabby Domestic SH"
7/11/12,"13515 CROOKED CREEK AUSTIN, TX","NORMAL","A632039","KITTEN","FEMALE","NO",,52,"Black Domestic SH"
7/11/12,"12800 TURTLE ROCK AUSTIN, TX","NORMAL","A632040","DOG","FEMALE","NO",,2922,"Brown Boxer"
7/11/12,"4106 N LAMAR AUSTIN, TX","NORMAL","A632041","KITTEN","FEMALE","NO","TINA",106,"Calico Domestic SH"
7/11/12,"TERI RD AND NUCHOLS CROSSING AUSTIN, TX","NORMAL","A632044","DOG","FEMALE","NO","DENA",1827,"Black Doberman Pinsch"
7/11/12,"CHEVOIT LN DEL VALLE, TX","NORMAL","A632045","DOG","MALE","NO","MCFLY",304,"Red Aust Cattle Dog"
7/11/12,"AUSTIN, TX","SICK","A632046","KITTEN","FEMALE","NO",,30,"Black Domestic SH"
7/11/12,"1401 E RUNDBERG AUSTIN, TX","NORMAL","A632048","PUPPY","FEMALE","NO",,91,"Black Labrador Retr"
7/11/12,"AUSTIN, TX","NORMAL","A632049","KITTEN","MALE","NO",,30,"Flame Pt Siamese"
7/11/12,"AA AUSTIN, TX","NORMAL","A632050","KITTEN","FEMALE","NO",,22,"Brn Tabby Domestic SH"
7/11/12,"AA AUSTIN, TX","NORMAL","A632051","KITTEN","FEMALE","NO",,22,"Brn Tabby Domestic SH"
7/11/12,"5400 JIMMY CLAY DR AUSTIN, TX","INJURED","A632052","DOG","MALE","NO",,731,"White Papillon"
7/11/12,"AA AUSTIN, TX","NORMAL","A632053","KITTEN","FEMALE","NO",,22,"Brn Tabby Domestic SH"
7/11/12,"AA AUSTIN, TX","NORMAL","A632054","KITTEN","MALE","NO",,22,"Brn Tabby Domestic SH"
7/11/12,"6306 VIOTHA DR. A AUSTIN, TX","NORMAL","A632055","DOG","MALE","NO",,731,"Blue Pit Bull"
7/11/12,"8404 LINDEN LOOP AUSTIN, TX","SICK","A632056","DOG","FEMALE","NO","DAISY",151,"Brown Aust Kelpie"
7/11/12,"13411 FM812 AUSTIN, TX","NORMAL","A632057","DOG","MALE","NO",,1461,"Red Pit Bull"
7/11/12,"1215 FORT BRANCH AUSTIN, TX","NORMAL","A632058","PUPPY","MALE","NO",,45,"Blue Tick Bluetick Hound"
7/11/12,"1215 FORT BRANCH AUSTIN, TX","NORMAL","A632059","PUPPY","MALE","NO",,45,"Sable Germ Shepherd"
7/11/12,"RIDGLINE AND ROCK STOP AUSTIN, TX","NORMAL","A632064","DOG","FEMALE","NO","TEXAN",366,"Black Eng Foxhound"
7/11/12,"RIDGLINE AND ROCK STOP AUSTIN, TX","NORMAL","A632065","DOG","FEMALE","NO","BELLE",731,"White Beagle"
7/11/12,"AUSTIN, TX","NORMAL","A632066","KITTEN","MALE","NO",,30,"Brn Tabby Domestic SH"
7/11/12,"AUSTIN, TX","NORMAL","A632067","KITTEN","FEMALE","NO",,30,"Blue Tabby Domestic SH"
7/11/12,"5500 S CONGRESS AUSTIN, TX","NORMAL","A632070","DOG","FEMALE","YES","ABBY",2192,"White Pit Bull"
7/11/12,"5900 CAMERON RD AUSTIN, TX","NORMAL","A632071","CAT","MALE","NO","TOM",1096,"Brn Tabby Domestic SH"
7/11/12,"SPIRIT OF TEXAS DR AUSTIN, TX","NORMAL","A632075","DOG","FEMALE","YES","FRIDAY",731,"Red Basenji"
7/11/12,"1919 BURTON DR AUSTIN, TX","NORMAL","A632076","KITTEN","MALE","NO","MAX",61,"Black Domestic SH"
7/11/12,"BURLESON RD/RIVERSIDE DR AUSTIN, TX","NORMAL","A632077","DOG","MALE","NO","DUDLEY",547,"Black Labrador Retr"
7/11/12,"BURLESON RD/RIVERSIDE DR AUSTIN, TX","NORMAL","A632078","DOG","FEMALE","NO","DORA",731,"Blue Merle Aust Cattle Dog"
7/11/12,"15005 NUTTALL DR AUSTIN, TX","NORMAL","A632080","DOG","MALE","NO",,366,"Black Labrador Retr"
7/11/12,"15005 NUTTALL DR AUSTIN, TX","NORMAL","A632081","DOG","MALE","NO",,366,"Black Labrador Retr"
7/11/12,"15005 NUTTALL DR AUSTIN, TX","NORMAL","A632082","DOG","FEMALE","NO",,366,"Black Labrador Retr"
7/11/12,"SOUTH 1ST ST AND CUMBERLAND AUSTIN, TX","NORMAL","A632083","DOG","FEMALE","YES","SHEBA",4383,"Brown Germ Shepherd"
7/11/12,"RUTLAND DR/PARKFIELD DR AUSTIN, TX","NORMAL","A632084","DOG","MALE","NO","JAQUES",4383,"Silver Poodle Toy"
7/11/12,"AUSTIN, TX","NORMAL","A632086","DOG","FEMALE","YES",,731,"Tan Whippet"
7/11/12,"404 W DITTMAR AUSTIN, TX","NORMAL","A632087","DOG","FEMALE","NO",,366,"Blue Pit Bull"
7/11/12,"6103 CLUB TERRACE AUSTIN, TX","NORMAL","A632088","DOG","MALE","NO","GOOCH",151,"Red Dachshund"
7/11/12,"AUSTIN, TX","NORMAL","A632089","DOG","FEMALE","NO","DIOGGI",1461,"White Lhasa Apso"
7/11/12,"5509 MANOWAR STRETCH AUSTIN, TX","NORMAL","A632091","DOG","MALE","NO","TEX",1096,"Blue Pit Bull"
7/11/12,"5509 MANOWAR STRETCH AUSTIN, TX","NORMAL","A632092","DOG","MALE","NO","BRUNO",1096,"Tan Pit Bull"
7/11/12,"AUSTIN, TX","NORMAL","A632093","KITTEN","MALE","NO",,0,"Org Tabby Domestic SH"
7/11/12,"AUSTIN, TX","NORMAL","A632094","KITTEN","MALE","NO",,0,"Brn Tabby Domestic SH"
7/11/12,"AUSTIN, TX","NORMAL","A632095","KITTEN","FEMALE","NO",,0,"Torbie Domestic SH"
7/11/12,"AUSTIN, TX","NORMAL","A632096","KITTEN","FEMALE","NO",,0,"Lynx Pt Domestic SH"
7/11/12,"AUSTIN, TX","NORMAL","A632097","KITTEN","FEMALE","NO",,0,"Lynx Pt Domestic SH"
7/11/12,"ONION CREEK AUSTIN, TX","NORMAL","A632098","DOG","MALE","NO","BIG BOY",1461,"White Great Pyrenees"
7/11/12,"AUSTIN, TX","NORMAL","A632225","KITTEN","MALE","NO",,0,"Lynx Pt Domestic SH"
7/12/12,"MANCHACA AND SLAUGHTER AUSTIN, TX","NORMAL","A330136","DOG","FEMALE","YES","JASMINE",3224,"Black Labrador Retr"
7/12/12,"SHOAL CREEK BLVD AND N PARK DR AUSTIN, TX","AGED","A409982","DOG","MALE","NO","SLASH",5735,"Tan Chow Chow"
7/12/12,"5400 W PAEMER AUSTIN, TX","NORMAL","A451421","DOG","MALE","YES","CHIP",2631,"Black Chihuahua Sh"
7/12/12,"1200 E RUNDBERG LN AUSTIN, TX","NORMAL","A595841","DOG","MALE","NO","KILO",1205,"White Pit Bull"
7/12/12,"12034 RESEARCH AUSTIN, TX","NORMAL","A632101","DOG","MALE","NO",,731,"Tan Dachshund"
7/12/12,"1109 VARGAS RD AUSTIN, TX","NORMAL","A632104","DOG","MALE","NO",,151,"Black Border Collie"
7/12/12,"BEE CAVES RD AUSTIN, TX","NORMAL","A632109","DOG","FEMALE","NO","MUNSKIN",366,"Black Shih Tzu"
7/12/12,"1205 RED FOX TRAVIS, TX","NORMAL","A632111","DOG","FEMALE","YES",,547,"Blue Chinese Sharpei"
7/12/12,"STASSNEY LN AND EMERALD FOREST AUSTIN, TX","NORMAL","A632117","DOG","FEMALE","NO",,366,"Brown Boxer"
7/12/12,"1112 C AGARITA AUSTIN, TX","NORMAL","A632118","DOG","MALE","YES",,213,"Black Doberman Pinsch"
7/12/12,"9412 TEASDALE TERRACE AUSTIN, TX","SICK","A632120","PUPPY","FEMALE","NO",,52,"Black Labrador Retr"
7/12/12,"13017 GARFIELD AUSTIN, TX","NORMAL","A632121","DOG","MALE","NO","KRAMER",731,"Brown Schnauzer Min"
7/12/12,"2809 W WM CANNON AUSTIN, TX","NORMAL","A632122","DOG","FEMALE","NO",,731,"Tan Chihuahua Sh"
7/12/12,"DORAHU LN AUSTIN, TX","INJURED","A632123","KITTEN","MALE","NO",,45,"Black Domestic SH"
7/12/12,"CHALK KNOLL DR AUSTIN, TX","NORMAL","A632125","PUPPY","FEMALE","NO","KEIRA",37,"Black Aust Shepherd"
7/12/12,"183 AND MONTOPOLIS AUSTIN, TX","SICK","A632126","DOG","FEMALE","NO",,122,"Black Fox Terr Wire"
7/12/12,"7104 BERKMAN DRIVE AUSTIN, TX","NORMAL","A632127","CAT","FEMALE","NO",,1096,"Tortie Domestic SH"
7/12/12,"7137 WALKUP LANE AUSTIN, TX","NORMAL","A632131","PUPPY","FEMALE","NO",,61,"Brown Beagle"
7/12/12,"7137 WALKUP LANE AUSTIN, TX","NORMAL","A632132","PUPPY","FEMALE","NO",,61,"Black Beagle"
7/12/12,"7137 WALKUP LANE AUSTIN, TX","NORMAL","A632133","PUPPY","MALE","NO",,61,"Black Beagle"
7/12/12,"5703 N IMPERIAL DR AUSTIN, TX","NORMAL","A632134","DOG","FEMALE","NO",,366,"Black Rottweiler"
7/12/12,"CHIPPEWAY LN AND WOODHUE DR AUSTIN, TX","NORMAL","A632135","DOG","FEMALE","NO",,1461,"Buff Lhasa Apso"
7/12/12,"5007 CAPE VERDE CV AUSTIN, TX","NORMAL","A632136","DOG","MALE","NO",,182,"Black Rottweiler"
7/12/12,"15021 BABBLING BROOK AUSTIN, TX","NORMAL","A632137","DOG","MALE","NO","ROSCOE",366,"Black Labrador Retr"
7/12/12,"MLK AND AIRPORT AUSTIN, TX","NORMAL","A632138","DOG","FEMALE","NO","LATTE",1096,"Br Brindle Pit Bull"
7/12/12,"RUNDBERG AND METRIC AUSTIN, TX","NORMAL","A632139","PUPPY","MALE","NO",,91,"Br Brindle Pit Bull"
7/12/12,"5721 WAR ADMIRAL DR AUSTIN, TX","NORMAL","A632140","DOG","MALE","NO",,304,"Br Brindle Aust Cattle Dog"
7/12/12,"2425 E RIVERSIDE DRIVE AUSTIN, TX","SICK","A632142","CAT","FEMALE","YES",,4383,"Blue Domestic Lh"
7/12/12,"2400 SONORA CT AUSTIN, TX","NORMAL","A632143","DOG","MALE","NO",,243,"Red Welsh Corgi Car"
7/12/12,"OLTORF AND PARKER AUSTIN, TX","SICK","A632144","KITTEN","MALE","NO",,91,"Brn Tabby Domestic SH"
7/12/12,"1007 E RUNDBERG LN AUSTIN, TX","NORMAL","A632145","DOG","FEMALE","YES","MIA",3288,"White Siberian Husky"
7/12/12,"8926 N LAMAR AUSTIN, TX","NURSING","A632151","KITTEN","MALE","NO",,15,"Brn Tabby Domestic SH"
7/12/12,"8926 N LAMAR AUSTIN, TX","NURSING","A632152","KITTEN","FEMALE","NO",,15,"Black Domestic SH"
7/12/12,"S 1ST ST AND STASSNEY AUSTIN, TX","NORMAL","A632153","DOG","MALE","NO","BEETHOVEN",122,"Red Boxer"
7/12/12,"1156 W CESAR CHAVEZ AUSTIN, TX","NORMAL","A632157","DOG","FEMALE","YES",,1096,"Blue Merle Aust Cattle Dog"
7/12/12,"13611 LETTI LN AUSTIN, TX","NURSING","A632158","CAT","FEMALE","NO",,731,"Slvr Tabby Domestic SH"
7/12/12,"13611 LETTI LN AUSTIN, TX","NURSING","A632159","KITTEN","FEMALE","NO",,15,"Lynx Pt Siamese"
7/12/12,"13611 LETTI LN AUSTIN, TX","NURSING","A632160","KITTEN","MALE","NO",,15,"Lynx Pt Siamese"
7/12/12,"13611 LETTI LN AUSTIN, TX","NURSING","A632161","KITTEN","MALE","NO",,15,"Slvr Tabby Siamese"
7/12/12,"13611 LETTI LN AUSTIN, TX","NURSING","A632162","KITTEN","FEMALE","NO",,15,"Brn Tabby Siamese"
7/12/12,"13611 LETTI LN AUSTIN, TX","NURSING","A632163","KITTEN","FEMALE","NO",,15,"Brn Tabby Siamese"
7/12/12,"500 E ANDERSON LN AUSTIN, TX","SICK","A632164","KITTEN","MALE","NO",,83,"Org Tabby Domestic SH"
7/12/12,"500 E ANDERSON LN AUSTIN, TX","SICK","A632165","KITTEN","MALE","NO",,83,"Black Domestic SH"
7/12/12,"UNKNOWN AUSTIN, TX","NORMAL","A632168","CAT","FEMALE","NO",,1461,"Torbie Domestic SH"
7/12/12,"UNKNOWN AUSTIN, TX","NORMAL","A632169","KITTEN","MALE","NO",,68,"Brn Tabby Domestic SH"
7/12/12,"UNKNOWN AUSTIN, TX","NORMAL","A632170","KITTEN","MALE","NO",,68,"Org Tabby Domestic SH"
7/12/12,"UNKNOWN AUSTIN, TX","NORMAL","A632171","KITTEN","FEMALE","NO",,45,"Brn Tabby Domestic SH"
7/12/12,"UNKNOWN AUSTIN, TX","NORMAL","A632172","KITTEN","FEMALE","NO",,45,"Black Domestic SH"
7/12/12,"1200 E RUNDBERG LN AUSTIN, TX","NORMAL","A632178","DOG","FEMALE","NO",,1096,"Blue Pit Bull"
7/12/12,"1604 FOREST HILL DR AUSTIN, TX","NORMAL","A632179","DOG","MALE","NO","TATOR",1827,"White Alaskan Husky"
7/13/12,"9500 DESSAU RD AUSTIN, TX","NORMAL","A570003","DOG","FEMALE","YES","COCO",1926,"Brown Parson Russ Ter"
7/13/12,"12034 RESEARCH BLVD AUSTIN, TX","NORMAL","A632180","DOG","FEMALE","YES","SCOUT",2192,"Chocolate Labrador Retr"
7/13/12,"4609 SARA AUSTIN, TX","NORMAL","A632181","DOG","MALE","NO",,122,"White Great Pyrenees"
7/13/12,"AUSTIN, TX","NORMAL","A632183","DOG","MALE","NO",,366,"Tan Dachshund Lh"
7/13/12,"9245 E 290 AUSTIN, TX","SICK","A632184","DOG","MALE","NO",,122,"Brown Pit Bull"
7/13/12,"14800 ALPS TRAVIS, TX","INJURED","A632186","DOG","FEMALE","NO",,182,"Tan Pit Bull"
7/13/12,"14800 ALPS TRAVIS, TX","NORMAL","A632187","DOG","FEMALE","NO",,182,"Br Brindle Pit Bull"
7/13/12,"7201 LEVANDER LOOP AUSTIN, TX","NORMAL","A632189","DOG","MALE","NO","SHERMAN",122,"White Pit Bull"
7/13/12,"12202 NORTH MOPAC AUSTIN, TX","NORMAL","A632190","DOG","MALE","YES",,2922,"Tan Chihuahua Sh"
7/13/12,"2500 REGAL PARK LN AUSTIN, TX","NORMAL","A632193","PUPPY","FEMALE","NO",,61,"Blue Merle Dachshund"
7/13/12,"807 MONTOPLIS AUSTIN, TX","NORMAL","A632199","KITTEN","UNKNOWN","UNKNOWN",,15,"Black Domestic SH"
7/13/12,"807 MONTOPLIS AUSTIN, TX","NORMAL","A632200","KITTEN","UNKNOWN","UNKNOWN",,15,"Brn Tabby Domestic SH"
7/13/12,"807 MONTOPLIS AUSTIN, TX","NORMAL","A632201","KITTEN","UNKNOWN","UNKNOWN",,15,"Brn Tabby Domestic SH"
7/13/12,"807 MONTOPLIS AUSTIN, TX","NORMAL","A632202","KITTEN","UNKNOWN","UNKNOWN",,15,"Brn Tabby Domestic SH"
7/13/12,"3400 BURELESON RD AUSTIN, TX","NORMAL","A632207","KITTEN","FEMALE","NO",,22,"Tortie Domestic SH"
7/13/12,"3400 BURELESON RD AUSTIN, TX","NORMAL","A632208","KITTEN","FEMALE","NO",,22,"Tortie Domestic SH"
7/13/12,"3000 S LAMAR BLVD AUSTIN, TX","NORMAL","A632209","KITTEN","FEMALE","NO",,45,"Torbie Domestic SH"
7/13/12,"WALNUT CREEK AUSTIN, TX","NORMAL","A632210","DOG","FEMALE","YES",,2922,"Tan Chihuahua Sh"
7/13/12,"18012 POWDER CREEK DR AUSTIN, TX","NORMAL","A632212","DOG","MALE","YES",,182,"Tan Pointer"
7/13/12,"1008 KING ALBERT AUSTIN, TX","NORMAL","A632213","PUPPY","FEMALE","NO",,61,"Tan Labrador Retr"
7/13/12,"5732 PALO BLANCO AUSTIN, TX","NORMAL","A632214","DOG","MALE","YES","SNOOPY",912,"Black Eng Sprngr Span"
7/13/12,"MOCKINGBIRD AND BLUEBIRD AUSTIN, TX","NORMAL","A632222","DOG","FEMALE","NO",,182,"Tricolor Parson Russ Ter"
7/13/12,"MOCKINGBIRD AND BLUEBIRD AUSTIN, TX","NORMAL","A632223","DOG","FEMALE","NO",,366,"White Chihuahua Sh"
7/13/12,"PALMER/HWY 290 AUSTIN, TX","NORMAL","A632226","KITTEN","FEMALE","NO",,98,"Brn Tabby Domestic SH"
7/13/12,"EMANUEL AND WELLS BRANCH AUSTIN, TX","NORMAL","A632227","DOG","MALE","NO",,547,"Yellow Labrador Retr"
7/13/12,"811 W SLAUGHTER LN, 78748 AUSTIN, TX","NORMAL","A632228","CAT","FEMALE","NO",,1096,"Org Tabby Domestic SH"
7/13/12,"112 WALTON LN AUSTIN, TX","NORMAL","A632231","KITTEN","MALE","NO",,61,"Brn Tabby Manx"
7/13/12,"PLOVER AND ELROY TRAVIS, TX","NORMAL","A632232","PUPPY","FEMALE","NO",,61,"Black Pit Bull"
7/13/12,"2010 CONESTOGA TRAIL AUSTIN, TX","NORMAL","A632233","KITTEN","MALE","NO",,30,"Blk Smoke Domestic SH"
7/13/12,"2010 CONESTOGA TRAIL AUSTIN, TX","NORMAL","A632234","KITTEN","MALE","NO",,30,"Black Domestic SH"
7/13/12,"2010 CONESTOGA TRAIL AUSTIN, TX","NORMAL","A632235","KITTEN","MALE","NO",,30,"Black Domestic SH"
7/13/12,"2010 CONESTOGA TRAIL AUSTIN, TX","NORMAL","A632236","KITTEN","MALE","NO",,30,"Seal Pt Domestic SH"
7/13/12,"PLOVER AND ELROY TRAVIS, TX","NORMAL","A632237","PUPPY","FEMALE","NO",,61,"Black Pit Bull"
7/13/12,"PLOVER AND ELROY TRAVIS, TX","NORMAL","A632238","PUPPY","FEMALE","NO",,61,"Black Pit Bull"
7/13/12,"10114 SOUTH HWY 183 AUSTIN, TX","INJURED","A632240","DOG","FEMALE","NO",,1461,"Black Germ Shepherd"
7/13/12,"6315 TAYLORCREST AUSTIN, TX","NORMAL","A632241","DOG","MALE","NO",,2192,"Tan Yorkshire Terr"
7/14/12,"3500 MCCALL LN AUSTIN, TX","NORMAL","A621306","DOG","MALE","YES","BOART",1226,"Sable Germ Shepherd"
7/14/12,"3114 CASTRO ST AUSTIN, TX","NORMAL","A626499","CAT","FEMALE","YES",,373,"Black Domestic SH"
7/14/12,"12034 RESEARCH BLVD AUSTIN, TX","NORMAL","A632245","DOG","MALE","NO",,731,"Brown Yorkshire Terr"
7/14/12,"2201 ROBERT DEDMAN AUSTIN, TX","NORMAL","A632246","DOG","MALE","NO",,366,"Red Rat Terrier"
7/14/12,"4434 FRONTIER TRL AUSTIN, TX","NORMAL","A632247","KITTEN","FEMALE","NO",,30,"Calico Domestic MH"
7/14/12,"6805 WINDRIFT WAY AUSTIN, TX","NORMAL","A632250","DOG","FEMALE","NO",,151,"Black Pointer"
7/14/12,"CLACKSON/E 34 ST AUSTIN, TX","INJURED","A632251","DOG","FEMALE","YES",,2192,"White Aust Cattle Dog"
7/14/12,"20504 HONEYBEE BEND TRAVIS, TX","NORMAL","A632253","DOG","FEMALE","YES","MOLLY",1827,"Tan Bullmastiff"
7/14/12,"8404 HORNET DR AUSTIN, TX","NURSING","A632261","KITTEN","FEMALE","NO",,3,"Tortie Domestic SH"
7/14/12,"8404 HORNET DR AUSTIN, TX","NURSING","A632263","KITTEN","MALE","NO",,3,"Blue Tabby Domestic SH"
7/14/12,"FAR WEST AND HART LANE AUSTIN, TX","NURSING","A632268","KITTEN","FEMALE","NO",,7,"Org Tabby Domestic SH"
7/14/12,"FAR WEST AND HART LANE AUSTIN, TX","NURSING","A632269","KITTEN","FEMALE","NO",,7,"Org Tabby Domestic SH"
7/14/12,"FAR WEST AND HART LANE AUSTIN, TX","NURSING","A632270","KITTEN","MALE","NO",,7,"Org Tabby Domestic SH"
7/14/12,"FAR WEST AND HART LANE AUSTIN, TX","NURSING","A632271","KITTEN","MALE","NO",,7,"Org Tabby Domestic SH"
7/14/12,"FAR WEST AND HART LANE AUSTIN, TX","NURSING","A632272","KITTEN","MALE","NO",,7,"Black Domestic SH"
7/14/12,"FAR WEST AND HART LANE AUSTIN, TX","NURSING","A632273","KITTEN","MALE","NO",,7,"Tortie Domestic SH"
7/14/12,"3114 CASTRO ST AUSTIN, TX","NORMAL","A632274","CAT","FEMALE","NO",,122,"Brn Tabby Domestic SH"
7/14/12,"3114 CASTRO ST AUSTIN, TX","NORMAL","A632277","CAT","FEMALE","NO",,122,"Brn Tabby Domestic SH"
7/14/12,"CONVICT HILL AND HWY 71 AUSTIN, TX","NORMAL","A632278","DOG","MALE","NO",,1096,"Blue Merle Aust Cattle Dog"
7/14/12,"2013 KAISER DR AUSTIN, TX","NORMAL","A632279","CAT","FEMALE","NO",,1461,"Black Domestic SH"
7/14/12,"2013 KAISER DR AUSTIN, TX","NORMAL","A632280","KITTEN","FEMALE","NO",,76,"Black Domestic SH"
7/14/12,"2013 KAISER DR AUSTIN, TX","NORMAL","A632281","KITTEN","FEMALE","NO",,76,"Blue Domestic SH"
7/14/12,"1156 W. CESAR CHAVEZ AUSTIN, TX","NORMAL","A632285","DOG","MALE","NO","BINGO",378,"Tricolor Rat Terrier"
7/14/12,"2803 LAYOLA LANE AUSTIN, TX","INJURED","A632286","CAT","FEMALE","YES",,4383,"Brn Tabby Domestic SH"
7/14/12,"5107 GALEN COURT AUSTIN, TX","NORMAL","A632287","KITTEN","MALE","NO",,83,"White Domestic SH"
7/14/12,"1601 EAST SLAUGHTER LN AUSTIN, TX","NORMAL","A632288","PUPPY","FEMALE","NO",,45,"Brown Labrador Retr"
7/14/12,"1601 EAST SLAUGHTER LN AUSTIN, TX","NORMAL","A632289","PUPPY","FEMALE","NO",,45,"Brown Labrador Retr"
7/14/12,"1601 EAST SLAUGHTER LN AUSTIN, TX","NORMAL","A632290","PUPPY","FEMALE","NO",,45,"Black Labrador Retr"
7/14/12,"1601 EAST SLAUGHTER LN AUSTIN, TX","NORMAL","A632291","PUPPY","MALE","NO",,45,"Black Labrador Retr"
7/14/12,"6200 WEST 290 TRAVIS, TX","NORMAL","A632292","KITTEN","MALE","NO",,52,"Brn Tabby Domestic SH"
7/14/12,"6200 WEST 290 TRAVIS, TX","NORMAL","A632293","KITTEN","MALE","NO",,52,"Black Domestic SH"
7/14/12,"1601 ROYAL CREST DRIVE AUSTIN, TX","NORMAL","A632294","CAT","MALE","NO",,129,"Blue Tabby Domestic SH"
7/14/12,"11012 SILO VALLEY DR AUSTIN, TX","NORMAL","A632295","DOG","MALE","NO",,731,"Tan Chihuahua Sh"
7/14/12,"6112 OLDEANDER TRAIL AUSTIN, TX","NORMAL","A632296","KITTEN","MALE","NO",,113,"Org Tabby Domestic SH"
7/14/12,"2302 E. WILLIAM CANNON DRIVE TRAVIS, TX","NORMAL","A632297","CAT","FEMALE","NO",,731,"Brn Tabby Domestic SH"
7/14/12,"7537 WISTERIA VALLEY DR AUSTIN, TX","INJURED","A632298","KITTEN","MALE","NO",,106,"Black Domestic SH"
7/14/12,"OLYMPIC AND HEATHER WILDE TRAVIS, TX","NORMAL","A632299","DOG","FEMALE","NO",,1827,"Buff Yorkshire Terr"
7/14/12,"8417 FENTON DR AUSTIN, TX","NORMAL","A632302","DOG","MALE","YES",,1461,"Fawn Pit Bull"
7/14/12,"1103 COLONY NORTH AUSTIN, TX","NORMAL","A632303","DOG","MALE","NO",,731,"Red Chow Chow"
7/14/12,"132 HOKANSON RD AUSTIN, TX","NORMAL","A632306","CAT","UNKNOWN","UNKNOWN",,1096,"Brn Tabby Domestic MH"
7/14/12,"132 HOKANSON RD AUSTIN, TX","NORMAL","A632307","KITTEN","MALE","NO",,83,"Brn Tabby Domestic SH"
7/14/12,"132 HOKANSON RD AUSTIN, TX","NORMAL","A632308","KITTEN","FEMALE","NO",,37,"Seal Pt Domestic SH"
7/14/12,"132 HOKANSON RD AUSTIN, TX","NORMAL","A632309","KITTEN","FEMALE","NO",,37,"Torbie Domestic SH"
7/14/12,"COLONY LOOP DR & FLEETRIDGE DR AUSTIN, TX","NORMAL","A632311","DOG","FEMALE","NO",,122,"White Staffordshire"
7/14/12,"132 HOKANSON RD DEL VALLE, TX","FERAL","A632312","CAT","UNKNOWN","UNKNOWN",,304,"Brn Tabby Domestic SH"
7/14/12,"132 HOKANSON RD DEL VALLE, TX","NORMAL","A632314","KITTEN","MALE","NO",,43,"Org Tabby Domestic SH"
7/14/12,"132 HOKANSON RD DEL VALLE, TX","NORMAL","A632315","KITTEN","FEMALE","NO",,43,"Org Tabby Domestic SH"
7/14/12,"132 HOKANSON RD DEL VALLE, TX","NORMAL","A632317","KITTEN","FEMALE","NO",,43,"Torbie Domestic SH"
7/14/12,"132 HOKANSON RD DEL VALLE, TX","NORMAL","A632318","KITTEN","MALE","NO",,43,"Black Domestic SH"
7/14/12,"132 HOKANSON RD DEL VALLE, TX","NORMAL","A632319","KITTEN","FEMALE","NO",,43,"Brn Tabby Domestic SH"
7/14/12,"132 HOKANSON RD DEL VALLE, TX","NORMAL","A632320","KITTEN","MALE","NO",,43,"Org Tabby Domestic SH"
7/14/12,"132 HOKANSON RD DEL VALLE, TX","NORMAL","A632321","KITTEN","MALE","NO",,39,"Blue Tabby Domestic SH"
7/14/12,"132 HOKANSON RD DEL VALLE, TX","NORMAL","A632322","KITTEN","FEMALE","NO",,43,"Brn Tabby Domestic SH"
7/14/12,"5004 BLUESTAR AUSTIN, TX","NORMAL","A632323","KITTEN","MALE","NO",,83,"Org Tabby Domestic MH"
7/14/12,"132 HOKANSON RD DEL VALLE, TX","NORMAL","A632324","KITTEN","MALE","NO",,43,"Flame Pt Siamese"
7/14/12,"132 HOKANSON RD DEL VALLE, TX","NORMAL","A632325","KITTEN","FEMALE","NO",,43,"Torbie Domestic SH"
7/14/12,"132 HOKANSON RD DEL VALLE, TX","NORMAL","A632326","KITTEN","MALE","NO",,43,"Brn Tabby Domestic SH"
7/14/12,"12509 MEXICANA DEL VALLE, TX","NORMAL","A632327","KITTEN","FEMALE","NO",,83,"Black Domestic SH"
7/14/12,"12509 MEXICANA DEL VALLE, TX","NORMAL","A632328","KITTEN","MALE","NO",,91,"Blue Domestic SH"
7/14/12,"12509 MEXICANA DEL VALLE, TX","NORMAL","A632329","KITTEN","MALE","NO",,91,"Black Domestic SH"
7/14/12,"12509 MEXICANA DEL VALLE, TX","NORMAL","A632330","KITTEN","MALE","NO",,91,"Blue Tabby Domestic MH"
7/14/12,"MONTOPOLIS DR AUSTIN, TX","NORMAL","A632331","DOG","FEMALE","NO",,731,"Tan Pug"
7/14/12,"CHOTE AND BOLM RD AUSTIN, TX","NORMAL","A632333","PUPPY","MALE","NO",,61,"Blue Labrador Retr"
7/14/12,"CHOTE AND BOLM RD AUSTIN, TX","NORMAL","A632334","PUPPY","MALE","NO",,61,"Tan Pit Bull"
7/14/12,"CHOTE AND BOLM RD AUSTIN, TX","NORMAL","A632335","PUPPY","MALE","NO",,61,"Black Labrador Retr"
7/14/12,"RIVERSIDE AND BURLESON AUSTIN, TX","NORMAL","A632336","DOG","MALE","NO",,304,"White Jack Russ Terr"
7/14/12,"LAKE TRAVIS TRAVIS, TX","NORMAL","A632337","PUPPY","MALE","NO",,45,"Brown Catahoula"
7/14/12,"LAKE TRAVIS TRAVIS, TX","NORMAL","A632338","PUPPY","FEMALE","NO",,45,"Red Merle Catahoula"
7/14/12,"LAKE TRAVIS TRAVIS, TX","NORMAL","A632339","PUPPY","MALE","NO",,45,"Red Merle Catahoula"
7/14/12,"LAKE TRAVIS TRAVIS, TX","NORMAL","A632340","PUPPY","MALE","NO",,45,"Black Catahoula"
7/14/12,"8403 CAYUGA DR AUSTIN, TX","NORMAL","A632341","DOG","FEMALE","NO",,366,"Buff Labrador Retr"
7/14/12,"LAKE TRAVIS TRAVIS, TX","NORMAL","A632342","PUPPY","FEMALE","NO",,45,"Black Catahoula"
7/14/12,"LAKE TRAVIS TRAVIS, TX","NORMAL","A632343","PUPPY","FEMALE","NO",,45,"Br Brindle Catahoula"
7/14/12,"LAKE TRAVIS TRAVIS, TX","NORMAL","A632344","PUPPY","FEMALE","NO",,45,"Black Catahoula"
7/14/12,"LAKE TRAVIS TRAVIS, TX","NORMAL","A632345","PUPPY","MALE","NO",,45,"Black Catahoula"
7/14/12,"LAKE TRAVIS TRAVIS, TX","NORMAL","A632346","PUPPY","MALE","NO",,45,"Red Merle Catahoula"
7/14/12,"PHILCO DR AND LANSING AUSTIN, TX","NORMAL","A632347","DOG","FEMALE","NO",,1096,"Red Boxer"
7/14/12,"183 AND 21 AUSTIN, TX","NORMAL","A632349","DOG","MALE","NO",,1461,"Red Chihuahua Sh"
